slice_index,station,cx,cy,axis_a,axis_b,theta,equivalent_radius,candidate_aspect,inlier_ratio,perimeter_completeness,soil_inside_points,soil_inside_point_frac,soil_inside_pixels,void_outside_pixels,soil_inside_frac,void_outside_frac,balanced_accuracy,cavity_quality,regularized_cx,regularized_cy,regularized_axis_a,regularized_axis_b,regularized_theta,regularized_equivalent_radius
0,-0.5679392218589783,0.0013821227444110941,0.005873219689500092,0.030134313304712335,0.04742458551168432,-0.06027352685212307,0.0378035357890663,1.3814180158258846,0.6516666666666666,1.0,4692,0.8615497612926919,416,3471,1.0,0.9567254685777288,0.02163726571113561,0.09022340555759577,0.003181025060438626,0.0040280873930137245,0.03325340331356976,0.03896727865697739,-0.0096964734045543,0.0359971475705052
1,-0.5579392218589783,0.00017536646607484277,0.0021142495756436056,0.030106467871005675,0.055728226274211715,-0.05933432927578894,0.04096071354154721,1.36287487314763,0.6216666666666667,1.0,5287,0.9046885694729637,345,3604,0.9857142857142858,0.9756361667569031,0.0193247737644056,0.05925193931097422,0.004270556006318678,0.0030949499547103607,0.0331517081834708,0.03898777978366193,0.056296118494093175,0.03595151593617969
2,-0.5479392218589783,0.013440467749380621,0.005798141118407551,0.016372178526726608,0.048621515383519866,-0.036801696043653256,0.028214183137191325,1.5210467785507105,0.65,1.0,2992,0.4529901589704769,222,3462,1.0,0.9058084772370487,0.04709576138147567,0.35555639666919003,0.005092912956212346,0.0022513387327848166,0.033134556247342246,0.03904792766389119,0.11552501115404613,0.03596992848924437
3,-0.5379392218589782,0.000933786903526607,-0.003521054046604015,0.05222152848156027,0.030114703086031192,1.383354846063958,0.03965647267371253,1.7271750551492564,0.6516666666666666,1.0,6232,0.8245567610478962,370,3520,0.9946236559139785,0.9586056644880174,0.02338533979900204,0.11433051071712096,0.005648095910119628,0.0014972537272370935,0.03320194750518411,0.03914772229766517,0.16799020457530456,0.03605247038241075
4,-0.5279392218589782,0.013648599831348585,-0.0008323434352633058,0.015742784275441832,0.05431283689776419,-0.07738289789040508,0.02924098621231437,1.8195823062183154,0.63,1.0,3730,0.4398066265770546,182,3545,1.0,0.9179181771103055,0.04104091144484723,0.3529218252564556,0.005936104868040523,0.00083269493806719,0.03335388195699638,0.03928716368498389,0.21369169875786848,0.036199163249640835
5,-0.5179392218589782,0.013979456941956387,0.00024365373753106254,0.015980328723841947,0.058907638463263454,-0.057824712443329256,0.03068164641912467,2.00586636367691,0.6433333333333333,1.0,2241,0.4422735346358792,178,3610,1.0,0.933781686497672,0.03310915675116399,0.35880402605091766,0.005956939829975034,0.0002576623652751071,0.03359035960277906,0.03946625182584733,0.2526294937017378,0.03640996554521918
6,-0.5079392218589782,-0.012732824365456722,9.357199505220104e-05,0.016331668266080852,0.06382082621991633,-0.062243817181177115,0.03228467999362652,2.1381243228072746,0.6266666666666667,1.0,2469,0.4758142223935248,167,3669,0.9940476190476191,0.9465944272445821,0.029678976853899454,0.3284897539667245,0.005710600795923159,-0.00022784399113915527,0.033911380442532155,0.03968498672025549,0.2848035894069127,0.036684774532868815
7,-0.4979392218589782,0.012571564610736602,-0.0021420865112335642,0.01653875586913803,0.06058517730236919,-0.09393319529675369,0.031654438183173095,2.072436585080173,0.665,1.0,2417,0.4624067342643964,176,3628,1.0,0.937952430196484,0.031023784901758014,0.3574995217141764,0.005197087765884924,-0.0006238241311755965,0.03431694447625586,0.03994336836820862,0.3102139858733947,0.03702342980446909
8,-0.4879392218589782,-0.0004912713745952375,0.0016344273699918006,0.03129505323328844,0.06199763107988046,-0.08544791355132694,0.04404791896313193,2.092817408755629,0.6766666666666666,1.0,4641,0.8811467628631099,324,3638,1.0,0.9779569892473118,0.011021505376344085,0.08042402379596231,0.0037057228068199297,-0.0005954749543696401,0.03485721305194005,0.040314267524031486,0.28258489415089744,0.03748657109043281
9,-0.4779392218589782,0.00026969474975331993,-0.0013702070711584487,0.031837992661280554,0.06269476586167276,-0.05855680662025505,0.04467746070900449,2.0539383357357575,0.6983333333333334,1.0,4766,0.8950234741784038,328,3642,1.0,0.9800861141011841,0.009956942949407965,0.07330860719874803,0.001557393921685528,-0.000981451811047744,0.03611483700300899,0.041795077542879665,0.2213712436809097,0.03885128586017741
10,-0.4679392218589782,-0.000991909989207847,0.001808604302358183,0.0582889563985942,0.03099120950924433,1.441533790682955,0.04250229711232136,1.9859744152693548,0.6983333333333334,1.0,4440,0.8297514483274154,348,3587,1.0,0.970508658008658,0.014745670995670996,0.11889023858468822,0.0009001672209195718,-0.000533274969545823,0.037162770366225395,0.041729551912352066,0.30003167579650253,0.039380017206753756
11,-0.4579392218589782,0.013017455739618988,-0.0030752503783993456,0.058711041903094494,0.0169290438130026,1.4786315463274997,0.03152652535063955,1.9189132337826746,0.585,1.0,2482,0.45861049519586106,182,3594,1.0,0.9306059036768514,0.03469704816157431,0.3167128603104213,-0.0007720412374964589,-0.000600807665458068,0.03940022572071198,0.04240184319666368,0.4144766792931365,0.04087349009960838
12,-0.44793922185897816,0.001011727354390756,-0.001891905183708713,0.032103349592027874,0.059078516634342805,-0.12449881707476505,0.04355018108906943,1.9966855836168698,0.6183333333333333,1.0,4629,0.849046221570066,354,3593,0.9943820224719101,0.9742407809110629,0.01568859830851349,0.09333975299584249,-0.0008906871071328934,-0.0007538078322484812,0.04088613185310587,0.04210545695223039,0.5921611009512893,0.04149131553330365
13,-0.43793922185897816,-0.012083539826622558,0.00321470391161585,0.018638931711588824,0.058568352614745293,-0.08188350981118327,0.0330401501940668,2.0258311257143267,0.58,1.0,2692,0.49503493931592496,210,3585,1.0,0.935054773082942,0.03247261345852895,0.29287973519676347,0.0005770438673903737,-0.0011615942287003327,0.04161932335407451,0.04299319306673962,0.5864220744987226,0.04230068089604221
14,-0.42793922185897815,-0.0035787404851359114,-0.004771416748472026,0.029641144635863717,0.05661289368137751,0.20095293365001038,0.040964264546852126,1.9729492418964512,0.565,1.0,3976,0.7306137449467107,332,3541,0.9707602339181286,0.9565099945975148,0.03636488574217824,0.15220323410510844,-0.0020603220305864993,-0.0007687366907749541,0.041989647346107765,0.04219058450769406,0.7227645087132348,0.04208999601810662
15,-0.41793922185897814,-0.0017759723131204326,0.00044512698680949155,0.05902882250385874,0.035317520363518456,1.4731372243548642,0.04565908059537059,1.9806774565489704,0.5916666666666667,1.0,4781,0.8886617100371748,378,3577,0.9792746113989638,0.9778567523236742,0.021434318138681067,0.0658751548946716,-0.0029009603303410173,-0.0009176075895045828,0.04145170549752699,0.04249059106611437,0.6439400132955355,0.04196793379818006
16,-0.40793922185897813,-0.0004011775681271756,0.0013864819106140242,0.06113397756764413,0.03241721729251892,1.4517847187484183,0.044517338585839755,1.9445119454908386,0.5816666666666667,1.0,4636,0.8747169811320755,346,3619,0.9942528735632183,0.9791666666666666,0.01329022988505747,0.07287295597484274,-0.002923196621528247,-0.00044247697017736837,0.04096718522542329,0.04224525616683822,0.5787853535178027,0.04160131289132973
17,-0.3979392218589781,-0.0004149796512632357,0.0008175318529891439,0.031338033489126296,0.05762696848516493,0.07075751208567496,0.04249606885660042,1.9393146971207436,0.57,1.0,4275,0.8084341906202723,350,3565,0.9943181818181818,0.9656013001083423,0.020040259036737913,0.10919251134644477,-0.002816842607510131,-0.00033535406957256847,0.04101395551663656,0.042617817775308146,0.5180676484083124,0.041808196354932735
18,-0.3879392218589781,-0.0009602945012176513,-0.002500734703590398,0.06021193537101856,0.031764930841452696,1.5857903419661952,0.04373360221717877,1.9391430245713148,0.5916666666666667,1.0,4402,0.8429720413634623,334,3606,0.9766081871345029,0.9740680713128039,0.024661870776346594,0.09290820885995149,-0.0026570597234532476,0.0002043975300573642,0.042152219667778656,0.042372628827801455,0.6493657011771182,0.042262280561402944
19,-0.3779392218589781,-0.0007275557431019835,-0.0006423438536295251,0.031877451156664335,0.056960148087522124,-0.1427612322535732,0.04261155170298723,1.9935910125044454,0.6,1.0,4232,0.8101071975497703,350,3560,0.9615384615384616,0.967391304347826,0.03553511705685619,0.11393568147013779,-0.0006508855944154413,0.000292239085307703,0.042731899999541044,0.04041871409188741,0.8714600736084561,0.041559216170238014
20,-0.3679392218589781,-0.010958625447024244,0.004799183998116005,0.0620908555899333,0.019715284842010187,1.468492692370432,0.03498769646661031,1.9674481438362792,0.57,1.0,2701,0.5168388825105243,194,3632,0.9326923076923077,0.9468196037539103,0.06024404427689099,0.2754018369690011,0.0006306982162737796,0.00011330720882500936,0.04393423061474348,0.040368824207025006,0.9598578253309987,0.04211381284516371
21,-0.3579392218589781,7.1114571401186e-05,-0.001433407779175434,0.031112375464739675,0.05691987057238966,-0.2061984521153788,0.04208220983566065,1.8834826919206833,0.6016666666666667,1.0,4116,0.7891104294478528,340,3554,0.96045197740113,0.9631436314363143,0.038202195581277854,0.12688522494887522,0.0004245182587145584,0.0007864741852304895,0.0441205188517962,0.039149900786693684,1.1428471578454964,0.04156096649147213
22,-0.3479392218589781,0.012803476733426656,0.001318583890810851,0.056956442583818156,0.01879880889219932,1.5305642125204701,0.03272175544362987,1.9658984520299223,0.555,1.0,2444,0.47018083878414774,205,3564,0.9490740740740741,0.9310344827586207,0.05994572158365262,0.29404963447479804,0.0006721464050325699,0.00031337904396988613,0.044121055933059435,0.03869293212020235,1.2143571127927517,0.04131795036409139
23,-0.33793922185897807,0.0006807308389777894,-0.000598026252155318,0.06063417180846702,0.032693559534434924,1.5355014892566519,0.044523554505915997,1.9336025688125587,0.66,1.0,4535,0.8771760154738878,338,3612,0.9712643678160919,0.9772727272727273,0.025731452455590387,0.08106382978723406,0.0008964820204677947,1.2940449472249074e-05,0.04407067147641057,0.03949669130786467,1.1435748517495834,0.04172104633196662
24,-0.32793922185897806,0.001079074583974565,0.00031192552678257915,0.05910867498058408,0.033536229136842045,1.512433927341546,0.04452282637169377,2.1342226605063996,0.66,1.0,4518,0.869849826723142,358,3592,0.9835164835164835,0.9760869565217392,0.020198279980888675,0.08589911436272626,0.0012513244522094217,0.0002271574620938117,0.0449333776911575,0.04011443476547412,1.1804776147753049,0.04245558912775028
25,-0.31793922185897805,-0.0004141908296008608,-0.00022118112520695904,0.059021168676832304,0.03286681816164824,1.5240048656368035,0.044043592253464256,1.9030846285481802,0.7116666666666667,1.0,4413,0.8605694227769111,358,3597,0.9944444444444445,0.9763843648208469,0.014585595367354326,0.09922809412376496,0.0015476435096285247,0.0003464529634876884,0.04547382360188851,0.040789653735795586,1.2097222354746002,0.04306810326405937
26,-0.30793922185897804,-7.614080440477956e-05,-0.001234376065036809,0.06209171302531524,0.03270997712056953,1.5427486100216705,0.0450668227461736,2.0183083605441365,0.6266666666666667,1.0,4546,0.8868513460788139,336,3628,0.9940828402366864,0.978953049109552,0.013482055326880765,0.07090648979060997,0.0015958056205991522,-8.190864402830077e-05,0.04609662968906233,0.04188423275628077,1.2103638263719767,0.04393998141985006
27,-0.29793922185897803,0.0011287986441326637,0.0011244566783569331,0.05801125701678521,0.03227724137504328,1.5699120821170227,0.043271738412044986,1.886554383219193,0.6183333333333333,1.0,4271,0.8341796875,356,3578,0.9888888888888889,0.9712269272529859,0.019942091929062614,0.10253222656249997,0.001561440254795312,-0.0006446110916690345,0.04622666778056363,0.04379089629737491,1.04593145735331,0.04499230172987223
28,-0.287939221858978,0.000607806595682806,-0.0016525409753488632,0.03195475145357935,0.05806729339716104,-0.1413988161259568,0.04307581604669087,1.8725151711208905,0.6216666666666667,1.0,4190,0.8235062893081762,351,3586,0.9804469273743017,0.9728703201302225,0.02334137624773793,0.10972025681341717,0.00013921354121045857,-0.00024387365869119358,0.04638316748110734,0.04383455733869358,1.0528561336017417,0.045090859544932464
29,-0.277939221858978,0.0002309216345514383,0.0010626988949888664,0.033237670509739525,0.06207656461835044,-0.05905296353765345,0.045423346432878396,1.906881148467326,0.6816666666666666,1.0,4567,0.8986619441164896,340,3629,0.9770114942528736,0.9818722943722944,0.020558105687416034,0.06907877476059293,-0.0005772256054782608,-0.00020860383689598317,0.04607876698042328,0.045044327004120165,0.8838214442137892,0.04555861112690817
30,-0.267939221858978,0.00037381132269315235,0.0009816999006287202,0.061162059549159604,0.032826052120812015,1.5162617780720449,0.04480746538889386,1.9029220828438305,0.65,1.0,4501,0.886023622047244,341,3617,0.9742857142857143,0.9791553871142393,0.0232794493000232,0.07408464566929136,0.0002924965973488841,-0.00010842525542679761,0.04587093703536907,0.043623012129007085,0.9910297189097095,0.04473285641072818
31,-0.257939221858978,-0.0003001021447912947,-0.001404483193096789,0.05940933104888967,0.0322796901691404,1.577871619395206,0.0437917206719952,1.9420303458701371,0.6533333333333333,1.0,4333,0.850441609421001,346,3603,0.9719101123595506,0.9769522776572668,0.025568804991591313,0.09771148184494602,0.0002555576505655229,0.00010077217519013058,0.045711482184045374,0.043993763855125136,0.9398914654223174,0.044844399345655775
32,-0.247939221858978,-0.0005728947934666303,-0.0012865479757961694,0.03315015880378691,0.06012235797062807,-0.01776897875144215,0.044643764563312135,1.8991425364756633,0.6516666666666666,1.0,4503,0.877435697583788,350,3607,0.9722222222222222,0.9790988056460369,0.024339486065870428,0.07987107040789812,0.00031670036331016716,0.00010994587245473462,0.045873611447388794,0.04421005831583154,0.9351716247646107,0.04503415411936651
33,-0.23793922185897798,0.0005428791016035075,-0.0003116628051330225,0.060671117070053474,0.03372791591565409,1.513211779501981,0.0452361618072043,1.8788425692323465,0.6683333333333333,1.0,4565,0.8936961628817541,348,3613,0.9720670391061452,0.9801953336950624,0.023868813599396174,0.071046397807361,-0.0007063483006418374,0.0001222671315127052,0.046802989585430485,0.04488654078089687,0.9922273048090533,0.04583474992507668
34,-0.22793922185897797,0.001194221335140469,0.0024282195868740044,0.05989980933682724,0.03189820617502536,1.5532793157483509,0.04371151413610405,1.8992449577898802,0.6516666666666666,1.0,4366,0.8464521132221792,338,3600,0.976878612716763,0.9734991887506761,0.024811099266280476,0.10006203955021323,-4.445552296895164e-05,-0.00010362320124059643,0.04742368560222913,0.04330255432749186,1.221463514997118,0.04531629643075899
35,-0.21793922185897796,5.421457589006108e-05,0.000326238624284356,0.0320893808921205,0.06593045076593303,-0.071017370640084,0.0459963840645895,1.8613704729696359,0.585,1.0,4692,0.9057915057915058,307,3677,0.9654088050314465,0.9868491680085884,0.023871013479982578,0.055111969111969104,0.0006013365960092452,0.00022718446069462761,0.04767455722050447,0.04171446466723526,1.41729928866558,0.04459505166160052
36,-0.20793922185897795,-0.0003615676244023822,-0.0010833714343876264,0.061059558918074505,0.03283629698619174,1.5215495745924805,0.044776889245231925,1.895036633701549,0.695,1.0,4587,0.8841557440246723,345,3617,0.9913793103448276,0.9786255411255411,0.014997574264815645,0.08051175790285271,0.0010825667064403048,-7.75069339057389e-05,0.0465296125130702,0.04186523575635867,1.2510944236602144,0.04413584934621402
37,-0.19793922185897794,-0.0003586493409290013,0.0009614223831212681,0.032278922224623446,0.06387644701728043,-0.05585789780760857,0.04540774014698458,1.8437076634666558,0.6366666666666667,1.0,4666,0.8938697318007662,323,3647,0.99079754601227,0.9809037116729424,0.01414937115739381,0.06756960408684551,0.001510218790313522,-0.00012368440936785043,0.0458000559168913,0.04189839252037814,1.1553211735523305,0.04380580692398188
38,-0.18793922185897793,0.0001379179560062239,-0.0021182350764365507,0.0616994610846597,0.032324692531467004,1.4829905929660463,0.044658886113727,1.8926574870612882,0.6716666666666666,1.0,4559,0.8760568793235972,338,3624,0.9941176470588236,0.978401727861771,0.013740312539702705,0.08324846272098387,0.0016650236043147166,-0.00015699990366159,0.04513370813655586,0.042224025381112223,1.0205396804362634,0.04365463134538701
39,-0.17793922185897793,-0.00014819878868258364,0.00011541574307495587,0.06023247006592189,0.03165516096452472,1.5572114092927105,0.043665415779855735,1.8245866630726948,0.605,1.0,4439,0.8543110084680523,337,3610,0.9911764705882353,0.974622030237581,0.017100749587091856,0.08814183987682836,0.0017539767430374215,-0.00043974151483119824,0.04477126308030522,0.04193380546552627,1.0053378811596225,0.04332931382396238
40,-0.16793922185897792,0.012869341678376806,-0.0003119196982738343,0.05805972554986398,0.018346745671028092,1.5252630665740987,0.03263750937790821,1.8331973310383847,0.595,1.0,2442,0.46889400921658986,200,3577,0.970873786407767,0.9319958311620635,0.048565191215084715,0.316008064516129,0.0017429757593186617,-0.000753607823315242,0.04404490267971246,0.04250159386850142,0.8525831120164846,0.04326636760430449
41,-0.1579392218589779,-0.00037228706202182616,0.0008264190324780297,0.032678517022136394,0.06031317639076855,-0.0764414741219657,0.04439532814773245,1.8886283476813817,0.7216666666666667,1.0,4534,0.8739398612181959,343,3612,0.98,0.9778018408229562,0.021099079588521925,0.09097340015420197,0.0017638547544768022,-0.0009451378523953036,0.044312159968950694,0.04283196300690573,0.8455391060146888,0.04356577551870487
42,-0.1479392218589779,-0.00018470219267258846,-0.0028259733163221667,0.03220006247668259,0.0636869885353263,-0.06372258378388268,0.04528493137666518,1.8572456170510885,0.65,1.0,4609,0.8918343653250774,310,3642,0.9627329192546584,0.9785061794734013,0.02938045063597011,0.07030766253869968,0.0027701344014393046,-0.0004865772399973211,0.045449962647049216,0.04407828567776486,0.819596018762752,0.04475886993211935
43,-0.1379392218589779,0.00022796735305422557,-0.0004003782242541531,0.0592843440024963,0.032135417649612884,1.442436929120464,0.043647762309235755,1.8517282648569267,0.63,1.0,4357,0.8499804916113929,344,3600,0.9717514124293786,0.975609756097561,0.026319415736530245,0.09451229028482248,0.0017526276731987139,0.00012185342903205402,0.04427220214638253,0.044535153719074336,0.6767285829422705,0.04440348328758768
44,-0.12793922185897788,-0.0007044234988648966,-0.0003651525754517369,0.034203414372583264,0.0602028610222557,-0.06008392556455026,0.04537778533554997,1.867242097684323,0.625,1.0,4501,0.8923473433782713,356,3611,0.967391304347826,0.9823177366702938,0.025145479490940058,0.06728291038858046,0.0006999727186496816,0.00023028619116319162,0.04383933156219631,0.044781570231867324,0.6339518194371737,0.0443079462994011
45,-0.11793922185897787,0.0013500548871175917,0.000492948378451475,0.06034545630638533,0.03288910795343101,1.550888392430545,0.044550064275596296,1.8356489476118356,0.6066666666666667,1.0,4352,0.8697042366107114,339,3608,0.9576271186440678,0.9777777777777777,0.032297551789077214,0.07904609645616843,-0.000422255338435152,0.0006269072153027724,0.04295644770393195,0.0457661238969662,0.46248115826188885,0.04433903593665179
46,-0.10793922185897786,-7.696443745857296e-05,-0.0034081128574001444,0.06815746258746895,0.03162190003096986,1.4921577811598297,0.04642486907149563,1.7997029988425535,0.5583333333333333,1.0,4449,0.9002428166734115,286,3698,0.9470198675496688,0.9882415820416889,0.0323692752043211,0.055697760690678555,-0.0006874953652308189,0.0007398942604240719,0.044423957899532615,0.04599097831155436,0.6014517726164589,0.04520067791826588
47,-0.09793922185897785,-0.00015107661395284496,-0.0020910462185852155,0.032006794923299976,0.06530314564174415,-0.04655244128812898,0.04571809696828703,1.872609513981399,0.6283333333333333,1.0,4371,0.8924050632911392,306,3670,0.95625,0.985499462943072,0.029125268528464015,0.06760548523206752,-0.0023578644881425176,0.0011627337829380965,0.044607058077855095,0.04525045301955932,0.7375382389633605,0.04492760382985873
48,-0.08793922185897785,-0.0001273116826881897,0.0030789952141413424,0.03202158979439524,0.06361769793767602,-0.08585837026391528,0.04513468540960495,1.8777814792366339,0.5683333333333334,1.0,4302,0.8826425933524825,308,3653,0.9506172839506173,0.9819892473118279,0.033696734368777376,0.0666981261113391,-0.0022502938134806704,0.0024122403245820604,0.043967607968965136,0.04393770092885683,0.7863170965919699,0.043952651905176464
49,-0.07793922185897784,-0.014353710822256583,0.0012581516372304898,0.016220433234263577,0.05843013846871686,-0.07144390161318245,0.030785746050739093,1.8504130847929126,0.535,1.0,2037,0.41982687551525144,167,3592,0.9382022471910112,0.9291257113295396,0.0663360207397246,0.3103926215993405,-0.002718911213893581,0.0025802572524415927,0.04335626753816263,0.0435148928665499,0.8245942793696667,0.04343550779047739
50,-0.06793922185897783,0.00018692210649109186,-0.0012609788912110599,0.06109991172625459,0.032061795663376774,1.4826326783659447,0.04426028563867989,1.911883338590384,0.6966666666666667,1.0,4195,0.8670938404299298,324,3620,0.9529411764705882,0.9773218142548596,0.034868504637276074,0.09259129116714893,-0.0030588505854963017,0.001186606531320241,0.0420360949908179,0.043494837278913574,0.6478016352947751,0.042759245917889835
51,-0.05793922185897782,-0.0001820055207430472,0.0015637197655314114,0.059681056147082884,0.031515208638179436,1.4484028198372927,0.04336889364766201,1.9293437854358269,0.575,1.0,4087,0.8419859909353111,334,3608,0.9597701149425287,0.9761904761904762,0.03201970443349754,0.0908580552121961,-0.0033109081935908187,-0.00014096494025660715,0.0417363854761637,0.042295014763049685,0.8077259149350967,0.042014771686523254
52,-0.04793922185897781,0.00034261251799302966,0.0013658706597441464,0.06215301035325506,0.03167785430476005,1.55347161028076,0.04437199574700981,1.905795225496995,0.605,1.0,4241,0.8722747840394899,315,3638,0.9662576687116564,0.9784830554061323,0.027629637941105616,0.07727375565610863,-0.0034877759721908923,-0.001847597222069203,0.040700446974184026,0.041843614547332666,0.7494655787192858,0.04126807258755742
53,-0.0379392218589778,-0.010873399534750814,0.000941084394421169,0.020613873725581943,0.05771381569482129,-0.07191985886670953,0.034492105023534815,1.839548065786701,0.5533333333333333,1.0,2500,0.5130309870716191,214,3576,0.9304347826086956,0.9375983219716832,0.06598344770981054,0.2694561871537041,-0.002904672453872211,-0.003735816348154952,0.03969198050642346,0.04047822474983348,0.6484754905218353,0.040083174870574036
54,-0.027939221858977792,-0.0004734681960692776,-0.0012310459954042398,0.03171169795961877,0.06105993082600313,-0.015324918285157236,0.04400356898922435,1.8503876340125787,0.5716666666666667,1.0,4017,0.869104283859801,320,3627,0.9696969696969697,0.9765751211631664,0.02686395456993195,0.07482871772681376,-0.0022036326616073666,-0.0054119002723646385,0.03915779350483975,0.03939777142593694,0.6152955848201871,0.03927759918894884
55,-0.017939221858977783,0.0006951453797126221,-0.015712565063691133,0.04340358890495536,0.031373075303097735,1.3564057632605806,0.03690127454627905,1.5773289630067189,0.565,1.0,2727,0.6827741612418627,431,3268,0.9170212765957447,0.9143816452154448,0.08429853909440521,0.17923259889834753,-0.0012805049130566373,-0.00651368526164237,0.03874291256574817,0.03880374086005052,0.576630294552044,0.03877331478433185
56,-0.007939221858977774,-0.0010931394196974562,-0.0124517303738592,0.03139918892906091,0.043242011787743055,-0.1291841547941232,0.036847850653681596,1.463769622404838,0.6316666666666667,1.0,2641,0.7781378903948144,423,3312,0.9116379310344828,0.9251396648044693,0.08161120208052398,0.14014289923394224,-0.00024882998102949803,-0.006599523075100576,0.03839311159360362,0.038699613033401845,0.639523412598939,0.03854605766898444
57,0.0020607781410222348,-0.0008845313269323632,-0.0058532755003379315,0.04473115318278834,0.031483254516247124,1.4882379183112897,0.0375270872898359,1.3278074881947526,0.6433333333333333,1.0,2544,0.8474350433044637,411,3463,0.9052863436123348,0.9646239554317548,0.06504485047795516,0.098150122140795,-0.0006357678661259709,-0.00635123304311898,0.035773343813942114,0.03763265157108769,0.38259218172875176,0.03669122215575285
58,0.012060778141022244,0.0008142125625716514,-0.007171494129681665,0.028903811791360375,0.04097547663157166,-0.41340381483290334,0.034414349690503124,1.2459873904854202,0.6033333333333334,1.0,2166,0.7589348283111422,413,3391,0.8939393939393939,0.946677833612507,0.07969138622404955,0.14544265358561087,-0.00024660474114658165,-0.0060504370180233715,0.034991357675901676,0.03653058654473536,0.4205751345508645,0.03575268968759296
59,0.022060778141022253,0.0020094167314668797,-0.004939486669331359,0.02842603511395656,0.03921320949527928,-0.4979257286603385,0.033386764893348735,1.2719729423968225,0.635,1.0,2031,0.7332129963898917,392,3380,0.8448275862068966,0.9441340782122905,0.10551916779040647,0.16940974729241878,0.00014194978563521456,-0.004984270311417533,0.03483014044210973,0.035424842703840456,0.6103417942743968,0.03512623302482647
60,0.03206077814102226,-0.0007328141205997318,-0.0011244405754296982,0.041633507412827606,0.0313271559765313,1.5693092963746285,0.03611453143226038,1.1673434570715044,0.6,1.0,2373,0.8721058434399118,404,3470,0.8347107438016529,0.9747191011235955,0.0952850775373758,0.0767364939360529,0.001165049078950725,-0.003102513928367356,0.03560031267511402,0.0345767561767118,0.8461588432347839,0.03508480199719132
61,0.04206077814102227,0.00023027640413054583,0.0018213234646551563,0.0376294248394698,0.03319555489936379,1.3747733539682336,0.035343028139791635,1.194287167182883,0.6766666666666666,1.0,2315,0.8593170007423905,460,3376,0.7986111111111112,0.9734717416378316,0.11395857362552865,0.09519549616431577,0.0003774034006240955,-0.001284990478723988,0.03439361619104669,0.033796294238449154,0.8082301431531889,0.03409364710201745
62,0.05206077814102228,0.0002508444381098146,0.003237971532032035,0.03797700206960414,0.03202859363566742,1.4595715743606268,0.03487620918030301,1.1448603064536818,0.68,1.0,2277,0.8502613890963405,444,3408,0.8072727272727273,0.9753863766456783,0.1086704480407972,0.10182225541448844,0.00045549163884943617,0.0010074087435009492,0.03448337200266712,0.03464696476994525,0.7437009375773683,0.03456507160306954
63,0.06206077814102229,0.0014408225526336223,0.00045806255411251127,0.028812865790334964,0.037840480531171845,-0.5433311100669276,0.03301958035751571,1.1592844887717413,0.64,1.0,2073,0.7689169139465876,400,3410,0.8097165991902834,0.9605633802816902,0.11486001026401323,0.14789317507418395,0.0003115894446362637,0.0011511405166143244,0.03443209763676426,0.03423610844339005,0.8896147914367363,0.034333963194272454
64,0.0720607781410223,-0.0022044393410467914,0.0005666180419701029,0.03702291475506499,0.029457208979922437,2.1299944406474665,0.03302410842075533,1.1672016716278493,0.6383333333333333,1.0,2050,0.7615156017830609,414,3380,0.8054474708171206,0.9575070821529745,0.11852272351495244,0.1522325408618128,-8.568712932833513e-05,0.0010675158548516365,0.03417955767311862,0.03418631247087644,1.0240885187947335,0.03418293490514786
65,0.0820607781410223,0.0007442710100316624,0.0017373270235380627,0.037028207330766415,0.03312763063440854,1.4167602802036354,0.0350236602243102,1.2056543823931793,0.7133333333333334,1.0,2339,0.8611929307805597,469,3371,0.8086206896551724,0.9731524249422633,0.10911344270128215,0.09901570937653409,-0.00043909129226911214,0.0012922481902109474,0.0344606097486779,0.03352875309876442,1.3939228426539207,0.03399148828598559
66,0.09206077814102231,0.002195912246090896,0.0016102886909051123,0.033195994093902635,0.03547596628705188,0.4326312121829097,0.034317050679515904,1.1731963879882699,0.655,1.0,2221,0.818349299926308,486,3319,0.7993421052631579,0.9659487776484285,0.11735455854420686,0.11898120854826826,-0.0006413206544915245,0.0007449459056804777,0.03381762127467909,0.033066844640370276,1.27395448526064,0.03344012602842122
67,0.10206077814102232,-0.0028615188017102012,-0.002569095308583768,0.029364794070836135,0.03725555893888922,0.37066632233421415,0.033075698272816256,1.1815584665024232,0.6483333333333333,1.0,2022,0.7390350877192983,398,3372,0.77734375,0.9546998867497168,0.13397818162514155,0.1691922514619883,-0.0005478006007198235,0.0007746547232405894,0.033192197963938436,0.032711012678731416,1.1336865813916115,0.032950726978829364
68,0.11206077814102233,-0.00025473069303649543,0.0015661331953134758,0.037525543474233994,0.03233107249946016,1.6378701312646626,0.03483161016443402,1.2027100197662843,0.6866666666666666,1.0,2345,0.8514887436456063,451,3397,0.8170289855072463,0.972794959908362,0.10508802729219582,0.10197772936335031,-0.0005503184698644278,0.0007873277490900935,0.03323141545250945,0.0324347888584252,1.1506184582352241,0.03283068600667297
69,0.12206077814102234,-0.0028036902355012337,-0.0018758958813262123,0.03700922089902774,0.025678954414230255,2.139515634434595,0.030827878557765063,1.1347577519731404,0.5933333333333334,1.0,1816,0.6565437454808387,354,3382,0.7937219730941704,0.9399666481378544,0.1331556893839876,0.2037840443480357,-0.0004221527275943847,0.0009728400663427063,0.03327220717661583,0.03225853590113854,1.1758558548122868,0.032761451276110784
70,0.13206077814102235,-0.00020304858538375286,0.002388040824606254,0.03672539151924767,0.02762044654967148,2.123241353946621,0.03184920271330412,1.178530615400492,0.6133333333333333,1.0,2021,0.7333091436865021,402,3387,0.8237704918032787,0.9524746906636671,0.11187740876652713,0.16357039187227868,-0.00015769143959265544,0.0015573398440740772,0.03364575484524633,0.032289915929523294,1.244276492916398,0.03296086460240925
71,0.14206077814102236,0.0007815660387057079,0.002090525199800343,0.03747803950539464,0.02521034035211175,0.8505791618368688,0.03073815433074811,1.1856206910329399,0.6166666666666667,1.0,1863,0.6769622093023255,356,3416,0.8165137614678899,0.9467849223946785,0.11835065806871581,0.19920663759689927,7.327203553383714e-05,0.0017347848212131507,0.03357759707905317,0.032366161319569944,1.1356647520376706,0.03296631498642448
72,0.15206077814102237,0.0004590600341166459,0.0017355598299555834,0.02887744899592424,0.03694917213916434,-0.609525411028974,0.03266493278563945,1.188524033169806,0.6466666666666666,1.0,2106,0.772560528246515,416,3408,0.8286852589641435,0.9621682665160926,0.10457323725988198,0.14707752506725363,8.355038789149765e-05,0.0013426489260416415,0.033705253972933405,0.03207716579039466,1.2485934720272351,0.032881134708174886
73,0.16206077814102238,0.0012576229948006322,0.006187710490014259,0.03900606919143417,0.030871094662629012,1.7209482901176127,0.034701009415085055,1.1780639140369116,0.605,1.0,2262,0.8334561532792926,414,3442,0.8149606299212598,0.9734162895927602,0.10581154024298998,0.10075902726602799,0.0004169723621801998,0.0013518244312634028,0.033589957185233665,0.03210444325094844,1.2037362204449378,0.032838801352289365
74,0.17206077814102239,0.0013647421389328851,-0.00020703724683018577,0.03724770827123644,0.030507667457212066,1.1031815422624653,0.03370965288284839,1.200377434580403,0.635,1.0,2203,0.811119293078056,433,3398,0.8200757575757576,0.9664391353811149,0.10674255352156377,0.11993924889543446,0.0008088080994450643,0.001301932963443899,0.033622335963083935,0.032205303327756264,1.2178896076031065,0.03290619285603921
75,0.1820607781410224,0.0006336362278247445,0.00030971134480736214,0.03559044919848812,0.03190992451699047,1.3110472657836898,0.033699978448799336,1.2140758187923755,0.7183333333333334,1.0,2239,0.8231617647058823,470,3345,0.8075601374570447,0.9662045060658578,0.11311767823854872,0.12702879901960787,0.0006380221651709826,0.00048611120355264724,0.03320127342934702,0.03241238891431968,1.021980777414431,0.03280445986207765
76,0.1920607781410224,0.00044383947686881355,0.0004127543100147087,0.03651929344539549,0.03187562699047139,1.4124049997036376,0.03411854885280137,1.1857056649579798,0.6933333333333334,1.0,2286,0.841678939617084,465,3380,0.824468085106383,0.9712643678160919,0.10213377353876253,0.10976926853215513,0.0004982434240088283,0.00012298077066837874,0.03343267796068225,0.03279467029650015,1.0424317566243078,0.03311213751556431
77,0.2020607781410224,-0.0009580819689530071,-0.002575257259516323,0.033342221932801966,0.03065901572357006,1.4731673776293674,0.03197248358349001,1.1891896097831964,0.64,1.0,2036,0.7425237053245806,481,3265,0.8097643097643098,0.946376811594203,0.12192943932074367,0.16478482859226845,2.505282146105005e-05,-0.00040610660340170343,0.033082878990966076,0.032676223021188486,1.0493972064990662,0.03287892230733542
78,0.21206077814102242,0.0011660114796662,-0.003141685549469338,0.03319969962717486,0.03017133373855604,0.6967644871851524,0.03164931622438796,1.1932000329613524,0.5933333333333334,1.0,1979,0.7191133720930233,473,3247,0.7989864864864865,0.9406141367323291,0.1301996883905922,0.1666593992248062,-0.00011110196314450318,-0.0006766893577451979,0.03293287169041353,0.032769768461141435,1.1426216778750893,0.03285121885189849
79,0.22206077814102243,-0.00032074463398925083,0.0015040471664492128,0.026816194074371122,0.03649745779758344,0.6151187487065437,0.03128454748787598,1.1616170573672309,0.6083333333333333,1.0,1962,0.7144938091769847,401,3391,0.8319502074688797,0.9519932622122403,0.10802826515944002,0.17368293275066762,-0.00020247270509120025,-0.0005194573857078078,0.03304988072434094,0.03257906239282903,1.3074409846707702,0.032813627141690095
80,0.23206077814102244,-0.0017535431459269673,-0.0010698246402174776,0.03698668830209562,0.02968718070807286,1.950611662487586,0.03313654326295182,1.1839970964962392,0.6316666666666667,1.0,2185,0.7916666666666666,425,3395,0.8173076923076923,0.9633938706015891,0.10964921854535929,0.13159722222222225,-0.00022228878425916234,-0.000222092430605165,0.03291079118442189,0.03284544227554845,1.085252476609782,0.0328781004939543
81,0.24206077814102245,-0.0005947205162962018,-0.0006565545452486226,0.030525017988004766,0.03469920183581852,0.21333172271817577,0.032545257107722596,1.2090160703549573,0.635,1.0,2145,0.7732516222062005,478,3316,0.8356643356643356,0.9550691244239631,0.1046332699558506,0.1439852198990627,-0.0003018247115326259,0.0006583516538177061,0.033032152885148366,0.03298783216205443,1.1104384339563589,0.03300998508522226
82,0.25206077814102246,-0.0005378566910348989,0.0023876244604439773,0.03635998197751249,0.031709588308785286,1.5081536361178016,0.03395526556252761,1.1746760042134297,0.6416666666666667,1.0,2336,0.8414985590778098,468,3382,0.8357142857142857,0.970723306544202,0.09678120387075612,0.10170509125840539,-0.00014014863925161018,0.0008996513341375353,0.033014250098369696,0.03308237914453383,1.0142478746280652,0.033048297065457546
83,0.26206077814102247,0.0010367824253058305,0.002750409257304355,0.02946141929819217,0.036590957348292444,0.4088201006460387,0.03283323829536632,1.22054520495182,0.6166666666666667,1.0,2208,0.7959625090122566,440,3388,0.842911877394636,0.9619534355479841,0.09756734352868994,0.12582311944244176,0.00042554240467513607,0.001438866360140442,0.03303778239363699,0.03322546288403779,0.7986324213832429,0.03313148974451199
84,0.2720607781410225,0.0015158519940602704,0.0011874782011878128,0.036105846807653275,0.034206196728463215,1.3829410438272705,0.035143188514281734,1.200010355300428,0.655,1.0,2437,0.8766187050359712,497,3350,0.8174342105263158,0.9749708963911525,0.10379744654126585,0.08081474820143889,0.00031153564100913547,0.001437265791960807,0.03297042374619643,0.033568160909008674,0.5888371139575992,0.03326794988499475
85,0.2820607781410225,5.3987286967562956e-05,0.0035216880315261426,0.03761805704301439,0.03116795156047438,1.4440975486565586,0.03424146287347891,1.2276912891978953,0.5933333333333334,1.0,2334,0.8481104651162791,446,3411,0.828996282527881,0.9729035938391329,0.09905006181649302,0.09012112403100775,0.0001415219860788875,0.0011628457006558936,0.03299965213621082,0.03359638128518509,0.5756341911264042,0.03329667994630413
86,0.2920607781410225,0.0006244814094797143,0.0007089061143662993,0.02858555735304678,0.036369912752858884,-0.6212308180456607,0.03224366956353069,1.2012555644484393,0.6483333333333333,1.0,2136,0.7711191335740072,422,3391,0.83399209486166,0.9584511023176936,0.10377840141032316,0.14839109506618534,0.0002807205901878752,0.000704069115151818,0.03285000198141762,0.03353514000870933,0.40688223591102196,0.033190803179995794
87,0.3020607781410225,-0.00023280637996838155,-0.0009546143851046109,0.029132250866421745,0.033674285013283005,0.42172353560576636,0.031321042746919305,1.1982413863339039,0.62,1.0,2012,0.7232207045291158,455,3290,0.8154121863799283,0.9437751004016064,0.12040635660923263,0.1716031631919482,0.0007843152539746093,0.0005014700358742071,0.032369583940218286,0.03346847761932342,0.14267148604271415,0.032914445091023585
88,0.3120607781410225,0.0019229316741978901,-0.0010598199754036516,0.028111039436852118,0.03681497002203418,-0.6203567219671973,0.03216997162193233,1.226406173044645,0.6733333333333333,1.0,2069,0.747471098265896,405,3398,0.823170731707317,0.9566441441441441,0.11009256207426939,0.17003612716763006,0.0006609984530008312,-0.00022339441209650628,0.0321077852025977,0.03321078783994672,0.09500983097656729,0.03265462972342594
89,0.3220607781410225,0.0012145529812244752,-1.787512220676393e-05,0.029399663426339148,0.03608583394501324,-0.6825446091210039,0.03257163447606143,1.1935788429164047,0.6866666666666666,1.0,2179,0.7771041369472182,439,3370,0.8314393939393939,0.9584755403868032,0.10504253283690143,0.15305515929624347,0.0006878000349332437,-0.0007533282556949799,0.031372640805132634,0.03294872304564845,-0.16122874567312376,0.03215102569279749
90,0.33206077814102253,-0.0040032909963465734,-0.0038649549199805634,0.027572797198435972,0.037964297596481324,0.4222660788633964,0.03235400869148752,1.227715143668838,0.63,1.0,1984,0.7126436781609196,372,3411,0.7848101265822784,0.9554621848739496,0.12986384427188596,0.1810344827586207,0.0005663271679138618,-0.0010168157933776682,0.031579633388567736,0.0328821664303913,-0.018664597079523212,0.03222431940155798
91,0.34206077814102254,0.002067595194705126,0.0006914595116731318,0.035704068038979214,0.030551319282535617,0.9199876824269434,0.033027358089078654,1.194344784956286,0.6283333333333333,1.0,2193,0.7922687861271677,457,3353,0.8189964157706093,0.9618473895582329,0.10957809733557887,0.1305244460500963,0.0005737114206667838,-0.0011092831911669538,0.031189892072148843,0.032799232798960624,-0.1626037128480232,0.031984442015593556
92,0.35206077814102255,0.0023719507443638703,-0.0001674433590482141,0.02775447985131153,0.03674064391603957,-0.725358532339746,0.03193301522393292,1.2101055127986236,0.6183333333333333,1.0,2057,0.7362204724409449,399,3400,0.8142857142857143,0.9566685424873382,0.11452287161347376,0.1631036745406824,0.0007189995404342099,-0.0010424630677972476,0.03160498891838877,0.03313073842298349,-0.11981817203278773,0.03235887236472294
93,0.36206077814102255,0.0029365030686217255,-0.0015371940145327597,0.029791685184834972,0.03401767043213109,-0.26594255431914865,0.031834630958054444,1.1878677846899748,0.615,1.0,2004,0.7292576419213974,457,3288,0.8017543859649123,0.9464594127806563,0.1258931006272157,0.1665065502183406,0.0007757893565061631,-0.0003783610872255394,0.03225151802871985,0.03326636697502677,0.13194336348256014,0.03275501235299853
94,0.37206077814102256,-0.0020052851924710837,-0.000991403296032046,0.02893442418558274,0.03479931763352846,0.5236168024317738,0.031731659549688575,1.1851359809947182,0.6716666666666666,1.0,2021,0.7301300578034682,440,3321,0.8058608058608059,0.9493996569468267,0.12236976859618369,0.18126264450867052,0.0006186348202344887,-2.251826566900577e-05,0.032461558601251404,0.03320636575446168,0.29537332273982453,0.0328318502048399
95,0.3820607781410226,0.0012369637906128092,0.0017325752049921791,0.030275136834578244,0.03547565413665088,0.36525355381127644,0.032772401243779455,1.18120457598806,0.6016666666666667,1.0,2209,0.7974729241877256,457,3353,0.8309090909090909,0.9596451058958214,0.10472290159754384,0.12185379061371841,0.0004519420930539463,0.00024414982556339644,0.032696503358704145,0.033055408346123666,0.5594074313295414,0.032875466080534425
96,0.3920607781410226,-8.868762426688707e-05,-5.927752042260547e-05,0.03959134036478113,0.031584633537741005,1.5372532216880432,0.03536209802443268,1.2064653040252256,0.5916666666666667,1.0,2449,0.8847543352601156,423,3469,0.826171875,0.9821630804077011,0.0958325222961495,0.06818701830443161,0.00029535945543953193,0.00057687898744383,0.033098490494908935,0.033241789380736624,0.8084237831562715,0.03317006255423821
97,0.4020607781410226,0.0004260698623993336,0.000894225467026848,0.028447188295992482,0.036196185023777604,-0.6609799513382035,0.03208862245357355,1.2037255116782348,0.67,1.0,2138,0.7674084709260589,423,3390,0.8326771653543307,0.958710407239819,0.10430621370292514,0.15583632447954054,0.0004054901216991458,0.0005873932755449162,0.03334318837539769,0.033101745309477154,0.9344459815874964,0.033222247506879084
98,0.4120607781410226,0.00041802695105590254,0.0019753276714407635,0.038009784560214636,0.03181004550735187,1.5624897761380625,0.03477201427276062,1.1861175636138888,0.6383333333333333,1.0,2419,0.8707703383729302,440,3417,0.8148148148148148,0.9751712328767124,0.10500697615423642,0.08249160067194625,-0.00011563887082752753,0.00027204543217111124,0.03376085174444621,0.03302900985871524,1.177113820803429,0.03339292597401338
99,0.4220607781410226,-0.0002815098880572315,0.0009329985829093246,0.03561643539023594,0.029283059599622276,2.082051814308935,0.03229486337265378,1.2111350643781822,0.6516666666666666,1.0,2162,0.7782577393808495,448,3369,0.8484848484848485,0.9581911262798635,0.09666201261764401,0.14450203983681306,-0.0002473943799095793,0.0004721882816900552,0.03387654373358386,0.032649719618063906,1.511037560223666,0.03325747516770618
100,0.4320607781410226,-0.001562456624937257,-0.0011422907667213659,0.03422128621360777,0.030389089002427448,1.8421757526099007,0.032248313328341216,1.1847630757939107,0.68,1.0,2123,0.7653208363374189,475,3314,0.8246527777777778,0.955594002306805,0.10987660995770857,0.15958183129055517,0.0006228028783733213,0.00031000459161017064,0.03419387944542414,0.032778900069280366,1.532045891234416,0.033478915115675086
101,0.4420607781410226,0.0004902167087833222,0.00036180333990823383,0.03648564235168754,0.03183301268952448,1.4200936878303556,0.03408002224128853,1.2347022814656565,0.6516666666666666,1.0,2355,0.8471223021582733,463,3381,0.8209219858156028,0.971551724137931,0.10376314502323307,0.09962529976019187,0.00031889620171272453,0.00013497102943815445,0.03337276911182481,0.032357018128434646,1.3088649357308653,0.03286096917541202
102,0.45206077814102263,-0.0006140232227641435,-0.0001973314616978365,0.036151663581706114,0.03110389513168773,1.76498921300817,0.03353293236329685,1.197262670992673,0.66,1.0,2321,0.8259786476868327,472,3375,0.851985559566787,0.9670487106017192,0.09048286491574689,0.11485409252669042,-0.00025660345374702134,0.00012493288010684636,0.032806012426248504,0.032029054041753414,1.2636981214558394,0.03241520545816033
103,0.46206077814102264,0.002076341890578373,-0.002133201593890882,0.03586470200592133,0.026461825262992733,0.8202436466000453,0.03080658172517677,1.191927236786693,0.59,1.0,1902,0.6826992103374013,388,3365,0.8220338983050848,0.9420492721164614,0.11795841478922695,0.1872074659009332,-0.00047870548640376953,0.00029879120468473744,0.03208688806391845,0.03191601978424442,1.0354282800404884,0.03200133988230582
104,0.47206077814102265,0.00015346625105875196,0.0018567240873147116,0.03498761338857071,0.030478074511688102,1.2321584708176871,0.03265509283163951,1.200100342618213,0.6,1.0,2234,0.7955840455840456,471,3333,0.8321554770318021,0.9583093732029903,0.10476757488260383,0.12264957264957263,-0.0007211882230714782,0.00035904842754825585,0.03210429915699485,0.03188346815162503,1.0936267390415293,0.03199369312383751
105,0.48206077814102266,-0.00028763082998797243,0.0009063131805720024,0.02470095028670277,0.036913994016687664,0.6290899476944527,0.030196203918536606,1.2101052258529281,0.5783333333333334,1.0,1869,0.6655982905982906,366,3414,0.8433179723502304,0.9457063711911358,0.10548782822931692,0.1933956552706553,-0.0010367682480835834,0.0003292108896706166,0.03159720630392626,0.03177239645711083,0.8438980627075076,0.031684680298615396
106,0.49206077814102267,0.0010379248142757165,-0.00070415846550526,0.03103080217523082,0.035888835258727735,-0.3491906638745169,0.033371534984369976,1.218935887597718,0.6916666666666667,1.0,2279,0.8174318507890961,465,3356,0.824468085106383,0.964367816091954,0.1055820494008315,0.12627630320420855,-0.0014539617077192477,0.00021384492265651562,0.031139302445902822,0.03186363027603498,0.6617457297719146,0.031499384441443914
107,0.5020607781410227,-0.01038202538007773,0.0025103235208511136,0.020697771008958723,0.03547691656119907,-0.10478181805478542,0.027097842996955196,1.1887753232934153,0.605,1.0,1409,0.5035739814152966,303,3374,0.8145161290322581,0.9188453159041394,0.13331927753180126,0.3003377412437455,-0.0016677269755120297,0.0004986805320045996,0.03076416520788748,0.03178204695282366,0.6612593254256177,0.03126896453516656
108,0.5120607781410227,0.0004829337262970755,0.0016935149457967939,0.03683892525512365,0.03096162580103084,1.8679626814624206,0.03377266673896634,1.1886200489020249,0.6383333333333333,1.0,2327,0.8352476669059583,455,3403,0.8363970588235294,0.9722857142857143,0.09565861344537815,0.10516690595836328,-0.002088613166223325,0.0007158608673358113,0.030691284770916677,0.03171635476443146,0.8479853940388025,0.031199610189401178
109,0.5220607781410227,-0.0009341028772954969,-0.00040201467444666016,0.029235512077068232,0.03448648980614155,0.5721191392801321,0.03175264066535478,1.2069908416511603,0.66,1.0,2061,0.7429704397981255,461,3326,0.829136690647482,0.9535550458715596,0.10865413174047917,0.1696395097332372,-0.0020849777316160768,0.0009516299675183624,0.0309185996694366,0.03224196290911091,0.8318518972006833,0.031573348630508355
110,0.5320607781410227,-0.0014034549220995323,-5.840641778171594e-05,0.034881485636847474,0.029192719663308404,2.0396855349172474,0.03191058494663184,1.2135270054278464,0.67,1.0,2078,0.7496392496392497,449,3342,0.8284132841328413,0.9543118218161051,0.1086374470255268,0.16774170274170275,-0.0018572002066563928,0.0009287840608747312,0.03112905455867575,0.03230800435328518,0.8609184944149859,0.031713051417284775
111,0.5420607781410227,-0.002532964047171436,-0.001179010129407753,0.02778297445715841,0.034779292854871566,0.5087278983633201,0.031084919253955425,1.2016742964282114,0.635,1.0,1936,0.6959022286125089,419,3324,0.8088803088803089,0.942711287577992,0.12420420177084954,0.1931020848310568,-0.001303390734767255,0.00040186521056474246,0.031752858141246856,0.03238144331908605,0.9095652281099146,0.03206561049036436
112,0.5520607781410227,-0.0013529845650940206,9.561706415359551e-05,0.025714009371920282,0.03733303934966975,0.5742412544972569,0.03098357829108311,1.2168231905185667,0.6,1.0,1962,0.7032258064516129,377,3429,0.8415178571428571,0.953559510567297,0.10246131614492293,0.17806451612903224,-0.000607016334811019,0.0003123691036528913,0.03256667697071197,0.03228609915340548,1.0561056156358744,0.0324260845890054
113,0.5620607781410227,0.0010631192461334478,0.0038006638907523336,0.036932617748404985,0.030602248298183237,1.784408475388891,0.03361876170590729,1.2004617523146581,0.6083333333333333,1.0,2276,0.8192944564434845,448,3399,0.8327137546468402,0.9694808899030234,0.09890267772506824,0.1099292056635469,-8.923119837058835e-05,4.578633494921544e-05,0.03253926416941738,0.032196863354784375,1.0703863223445649,0.032367611004335224
114,0.5720607781410227,3.41471130833102e-05,0.0008273923998663502,0.036088243528819806,0.031412468969382004,1.3091489787863082,0.03366928615234593,1.1583189310502477,0.6766666666666666,1.0,2301,0.8291891891891892,469,3373,0.8286219081272085,0.9698102357676825,0.10078392805255447,0.115581981981982,0.0007469973536078202,-0.000412058111240218,0.03300885414325467,0.03247074314464271,0.9725796572432497,0.032738693076917375
115,0.5820607781410227,0.0019783328586146466,-0.0013917134744197133,0.030528095041732477,0.0356694616389345,-0.5926649003329783,0.03299879869026785,1.2164252842953376,0.6633333333333333,1.0,2166,0.7796976241900648,451,3349,0.802491103202847,0.9618035611717404,0.11785266781270633,0.146133909287257,0.00025183074411615046,-8.658176359925036e-05,0.032694566792675586,0.032310518543739244,0.7716331902640372,0.03250197542664547
116,0.5920607781410228,0.0016970556017521052,-0.0019087604879150404,0.0385779970356662,0.02499178069263429,0.9269794890176496,0.031050488586759233,1.1864574970795645,0.5666666666666667,1.0,1888,0.683068017366136,351,3458,0.8278301886792453,0.9552486187845304,0.10846059626811216,0.1795947901591896,0.0003998920386480493,-0.00023493592225396742,0.03301793491000359,0.03232026235847467,0.8473161125187583,0.032667236167548
117,0.6020607781410228,-0.00038937584246683476,-0.0013056752577320886,0.038804314193879794,0.031256570134275165,1.555469568660814,0.03482656698719317,1.1714509301622495,0.625,1.0,2377,0.858742774566474,430,3445,0.8237547892720306,0.978137421919364,0.09905389440430266,0.08828576589595377,0.00016899770276510045,-5.2337431514705896e-05,0.033216284371459945,0.032293281274203174,0.9703260004497893,0.03275153147703898
118,0.6120607781410228,0.00042726262825153795,0.00025856682799181986,0.03372592541517447,0.028113000276383724,0.9800376343197833,0.030791832529391567,1.2033691718833979,0.5816666666666667,1.0,1957,0.7090579710144927,450,3296,0.8241758241758241,0.9422527158376215,0.11678572999327717,0.16923128019323672,0.0002068952278157763,-2.8456903329519313e-05,0.03347047449809662,0.0324324323615983,1.061745531688748,0.03294736560440181
119,0.6220607781410228,-0.001622492720480987,-0.000555341887057138,0.027608814310386778,0.03658680677001833,0.47411019562184864,0.03178235916862431,1.2261954764629832,0.64,1.0,2061,0.7419006479481641,400,3399,0.819672131147541,0.9558492688413949,0.1122393000055321,0.16518358531317495,0.0001361302906931188,0.00013882535342315817,0.03349373042730352,0.032444073371658666,1.0499318474137946,0.032964724289367135
120,0.6320607781410228,0.00019185150440118043,0.0010087407694872525,0.036068924291554165,0.03149920190134668,1.2445483890925306,0.03370671043908101,1.2211770718485722,0.6666666666666666,1.0,2327,0.8394660894660895,473,3374,0.8298245614035088,0.9712147380541163,0.09948035027118747,0.10702260702260702,0.00010999646737618637,-0.0001346799230780512,0.033270784001840026,0.0323601777163362,0.9859774379554106,0.03281232212235791
121,0.6420607781410228,-0.00031078543659059826,0.002055838869231424,0.03556837114568213,0.031029076605378767,1.075246709189557,0.03322128403611026,1.19171528077207,0.6666666666666666,1.0,2261,0.816245487364621,471,3355,0.8321554770318021,0.964634847613571,0.10160483767731343,0.122503008423586,0.0001117425476524238,8.923718416963141e-05,0.03300217991659939,0.032206796661254374,1.0675369923387912,0.03260206278676319
122,0.6520607781410228,-0.0014773295629730353,-0.0021348670613366275,0.03409616582953718,0.030229589797699016,1.8914754987026727,0.03210472094102721,1.2172711842738695,0.635,1.0,2080,0.7514450867052023,468,3304,0.8125,0.9527104959630911,0.11739475201845444,0.15783236994219657,-0.0001229897878548271,5.487761675666966e-07,0.032735365347589175,0.032245450601514854,1.028071218288034,0.0324894845486694
123,0.6620607781410228,-0.0001490197994232404,0.003233399325396408,0.035865650963036955,0.0315923239938089,1.4817510615431126,0.03366124277968845,1.1809020294474564,0.6483333333333333,1.0,2276,0.831263696128561,475,3364,0.8333333333333334,0.9683362118595279,0.09916522740356937,0.10939737034331629,8.871730655361391e-05,-9.15305493874021e-05,0.03243652048079904,0.03236833932336789,0.9060234450985697,0.03240241196873893
124,0.6720607781410228,0.003373933072216095,-0.0011287088375000966,0.03042795067841931,0.03613053813075053,-0.5385653175758461,0.033156873076742706,1.1987609290850245,0.635,1.0,2146,0.779796511627907,443,3358,0.7996389891696751,0.9621776504297994,0.11909168020026273,0.13982921511627908,9.843096514219098e-05,-0.00019105270209474035,0.032414221090719654,0.032233369861553174,0.8968756874043611,0.032323668993344865
125,0.6820607781410228,0.0010519900485090074,0.00011454491325236137,0.036199843875357775,0.02757912811168775,0.9334287157974612,0.0315968373711925,1.183549476765115,0.6416666666666667,1.0,2046,0.7402315484804631,414,3387,0.8380566801619433,0.9540845070422536,0.10392940639790157,0.16668475639170283,0.00017082853574364165,-0.0005346281932486418,0.03265574133374893,0.032515743599995164,0.8810548217828197,0.03258566728296268
126,0.6920607781410228,-0.00021634510458547318,-0.004290682779480884,0.03115646728167515,0.031027108842466844,0.5069712419897805,0.031091720786976265,1.2078438315059656,0.61,1.0,1940,0.7008670520231214,513,3159,0.7916666666666666,0.9302120141342756,0.13906065959952885,0.18247109826589594,3.9706843827427165e-05,-0.00048216511714257163,0.032233437506569665,0.03231784352835506,0.6417112533769564,0.03227561292552521
127,0.7020607781410229,-0.0017288104480818983,-0.000635925421187529,0.02542840507683713,0.036574238867996475,0.6063380419343591,0.0304963040598761,1.208406465976353,0.64,1.0,1884,0.6776978417266187,374,3401,0.8237885462555066,0.9473537604456824,0.11442884664940547,0.206273381294964,-0.0002590405205037039,-0.0006018935848994167,0.03193097392078075,0.032551756093884485,0.40596294996948323,0.03223987088853554
128,0.7120607781410229,-0.0008507767035233934,-0.0006715332961099601,0.03149560626310212,0.03487564152557198,0.305302967091827,0.03314256287106519,1.2387898022322656,0.6833333333333333,1.0,2235,0.8016499282639885,481,3326,0.8264604810996563,0.9607163489312536,0.106411584984545,0.13553921568627453,-0.00018254887922045844,-0.0005638472156546502,0.031981506941780265,0.03278393708528504,0.30506441065817047,0.03238023643323086
129,0.7220607781410229,0.0004274954976665089,0.0017701411246429483,0.03558435147525619,0.03155068575386999,1.5380063053891528,0.033506875281814445,1.2281786153067957,0.6466666666666666,1.0,2297,0.8292418772563177,478,3353,0.8327526132404182,0.9662824207492795,0.10048248300515118,0.11042358604091454,-0.00023382811114035595,-0.0001170890169567163,0.032040259086143184,0.03287841782689123,0.2390747914861454,0.03245663299721744
130,0.7320607781410229,-0.0019476559269124979,0.0006785840245885505,0.03238947797829606,0.03552555871104442,0.12682522656559841,0.033921295693679465,1.1725834146370657,0.65,1.0,2323,0.8323181655320674,486,3345,0.8209459459459459,0.9690034762456546,0.10502528890419968,0.1089931924041562,-0.00027001668251725114,0.00011333219683109082,0.032239180717512486,0.03299933119904825,0.2699898696320586,0.03261704158999042
131,0.7420607781410229,0.0005869354587420667,-0.000465669642866165,0.02829637726630433,0.03607249255998521,-0.6201768036596277,0.031948722328338855,1.2285535105357668,0.6233333333333333,1.0,2097,0.7532327586206896,426,3386,0.841897233201581,0.9570378745053703,0.10053244614652436,0.1538182471264368,-0.00029686337980351987,0.0003898771389556776,0.03253334565188412,0.033121464923250056,0.3549965264279744,0.0328260882050367
132,0.7520607781410229,-0.0018599769880546539,0.002156825263283183,0.029611529800034155,0.03534022656154662,-0.47998098955285734,0.03234931486086214,1.2332870780277594,0.5916666666666667,1.0,4297,0.7735373537353736,451,3339,0.8321033210332104,0.9534551684751571,0.10722075524581631,0.13399039903990398,-0.00031436820299916065,0.0007125458094170436,0.03292275388925788,0.03324481899949645,0.4940947618738911,0.0330833945358294
133,0.7620607781410229,0.0009883595968326797,0.0002543066836225202,0.036775942754881746,0.03284167836485198,1.3707876680253503,0.03475318235097377,1.2143033673971402,0.6083333333333333,1.0,4509,0.8726533772014708,479,3368,0.8258620689655173,0.9722863741339491,0.10092577845026678,0.07746919553577189,-0.0003225311521041737,0.0010813382082151886,0.03340740542963379,0.03336939342778744,0.6872845759698083,0.033388394019225484
134,0.7720607781410229,0.001157740900246839,0.0014121607279487128,0.03490565335920463,0.03121047888554042,1.316576676106517,0.03300639570073426,1.2568016621487366,0.6516666666666666,1.0,3790,0.8133047210300429,498,3324,0.8586206896551725,0.9595842956120092,0.09089750736640917,0.12166309012875536,-0.00032135222711855867,0.0014962543353501125,0.03398730027301182,0.03349518820812302,0.9345659687157262,0.033740347054091215
135,0.7820607781410229,-0.000948372976665589,0.0026384853177135693,0.0360454628182316,0.031058455406527553,1.259964057490994,0.0334591751175622,1.1998011354369407,0.6583333333333333,1.0,3541,0.8318064364575992,484,3361,0.8642857142857143,0.9646957520091849,0.08550926685255043,0.11072742933208052,-0.0003108314280423158,0.0019572941908218163,0.03466243841939199,0.03362220334050319,1.2359389401116447,0.03413835896487216
136,0.7920607781410229,-0.0006077263584108286,0.001769926370831364,0.03794323416537114,0.03225064598085562,1.460238533443763,0.03498133520087663,1.2162006073900462,0.6133333333333333,1.0,3594,0.8865318204242724,468,3414,0.850909090909091,0.9771036061820263,0.08599365145444138,0.06959381680644627,-0.0002909687548754452,0.002464457774630299,0.0354328198687743,0.03375043882492795,1.591403490157564,0.03458139990480083
