slice_index,station,cx,cy,axis_a,axis_b,theta,equivalent_radius,candidate_aspect,inlier_ratio,perimeter_completeness,soil_inside_points,soil_inside_point_frac,soil_inside_pixels,void_outside_pixels,soil_inside_frac,void_outside_frac,balanced_accuracy,cavity_quality
0,-0.49320465326309204,0.0014733652347985514,-0.0038278130123333433,0.05353786907366725,0.043984864703789255,-0.4454676735097648,0.04852685779786733,1.1035810955973577,0.6,1.0,4913,0.7880975296759705,530,3223,1.0,0.9171883892999431,0.041405805350028455,0.1271414821944177
1,-0.48320465326309203,0.00189979077357436,0.00022177376257041272,0.05056924665928098,0.05370902459027116,1.422086756995792,0.052115495894549536,1.2103898423315882,0.6566666666666666,1.0,5833,0.8772747781621296,604,3225,1.0,0.9375,0.03125,0.08058956234020154
2,-0.473204653263092,0.0006303616406779955,-0.0023104485099936373,0.04904911786339565,0.05180302585356762,1.9373879278179504,0.05040726853115699,1.104480409839539,0.695,1.0,6119,0.8231100349744418,616,3147,1.0,0.9180280046674446,0.04098599766627771,0.12293852569276294
3,-0.463204653263092,-0.00032483344783551754,-0.004950811756919477,0.0468336789007311,0.04976093167592499,2.0713842162298493,0.04827512295076512,1.0881992510388814,0.6283333333333333,1.0,6388,0.7576799905112086,614,3078,1.0,0.8973760932944607,0.05131195335276968,0.15225773929545725
4,-0.453204653263092,-0.0008854782820050532,0.002467375668941492,0.04935805159503052,0.05183928106390182,1.5358339837096484,0.050583454897835466,1.1118315866122757,0.7383333333333333,1.0,7586,0.8153482373172829,616,3132,1.0,0.9136522753792299,0.043173862310385065,0.1363345514474061
5,-0.443204653263092,0.0007539878863014462,0.00025271815533172695,0.05278893806696045,0.0558029019782811,1.5571102612873744,0.05427500286953604,1.0695268063689425,0.655,1.0,4731,0.8472421203438395,616,3251,1.0,0.9483663943990666,0.025816802800466745,0.10005641117478513
6,-0.433204653263092,2.32303487899566e-05,0.0005197439461791024,0.054643236252492726,0.05429097687488959,0.5787055013548035,0.05446682178861927,1.1253329283973665,0.6783333333333333,1.0,4837,0.8620566743895919,644,3222,1.0,0.9476470588235294,0.026176470588235294,0.0935715558723935
7,-0.423204653263092,0.0010505689015879891,0.0005115553098487401,0.054231469641247844,0.05444184358934902,-0.621190308656419,0.05433655480272323,1.0343811804135752,0.71,1.0,4804,0.8545001778726432,648,3220,1.0,0.9481743227326266,0.02591283863368669,0.10330487371042332
8,-0.41320465326309197,-0.0004940281962449789,0.00014074926545639015,0.053535590547306514,0.05615176495458551,2.2467972460758467,0.05482807581082237,1.0373611752802576,0.6566666666666666,1.0,4952,0.8721380767876012,624,3266,1.0,0.9549707602339181,0.022514619883040935,0.08396266290947517
9,-0.40320465326309196,0.0029574090576969256,-0.0004416544781084859,0.055179174866086166,0.050684522200896295,1.296088778567616,0.052884119672424186,1.035595942142555,0.5683333333333334,1.0,4564,0.8142729705619982,592,3238,1.0,0.9380069524913094,0.030996523754345306,0.1055548617305977
10,-0.39320465326309195,0.0030777658064040495,0.003169463688283781,0.050276183129569205,0.05660563765995675,0.8331973547855938,0.05334712180762918,1.0813088350523177,0.5533333333333333,1.0,4593,0.8228233608025797,578,3275,1.0,0.9448932487016733,0.0275533756491633,0.09803774035590591
11,-0.38320465326309194,-0.00026359497489172775,0.0002675171333080061,0.05502716036829177,0.056272866549488355,1.1485164052859518,0.055646527762315746,1.0472228979436649,0.5883333333333334,1.0,4993,0.8903352353780314,630,3263,1.0,0.9557703573520797,0.022114821323960164,0.0645194365192582
12,-0.37320465326309193,0.002029233013355409,-0.0007758548032629046,0.05257207740570478,0.05518208106552492,-0.158053626351755,0.05386127214599235,1.0823850400115986,0.6433333333333333,1.0,4598,0.8375227686703096,613,3237,0.9951298701298701,0.9442823803967327,0.03029387473669854,0.10452701882210082
13,-0.3632046532630919,0.0008416402620879175,0.0005723451422419559,0.05542821647031922,0.055042871107544106,1.4375466211224484,0.055235207747385495,1.0331078216206409,0.6616666666666666,1.0,4801,0.8765747672083257,644,3244,0.9969040247678018,0.9546792230723955,0.024208376079901308,0.08166636236382448
14,-0.3532046532630919,-0.004081407105625423,0.0015820510212288623,0.05715431045035532,0.0451970584448647,1.2033392026417247,0.050825256613229716,1.0420377662733722,0.495,1.0,4081,0.7378412583619599,505,3292,0.986328125,0.9320498301245753,0.04081102243771234,0.12976857711082984
15,-0.3432046532630919,0.00019523919288616694,0.00012413740900050007,0.055483499343707075,0.055224362112645226,2.265412029482011,0.055353779085384885,1.091852270301444,0.6566666666666666,1.0,4770,0.8778064041221936,629,3239,0.9767080745341615,0.9526470588235294,0.03532243332115455,0.08024046129309288
16,-0.3332046532630919,0.0018905731136987505,0.00045232431973588934,0.05326018071216709,0.054634707962680835,0.4615954572255958,0.05394306646130581,1.0714631693401793,0.6733333333333333,1.0,4559,0.84036866359447,615,3228,0.9761904761904762,0.945518453427065,0.03914553519122939,0.10748509984639017
17,-0.3232046532630919,0.0003598235397204683,-0.00011512848054018895,0.0557825892729616,0.054665260173629264,0.08329580424992253,0.055221098827940275,1.0869302494369586,0.67,1.0,4712,0.8750232126276695,623,3250,0.9795597484276729,0.9536384976525821,0.03340087695987244,0.08373444753946147
18,-0.3132046532630919,-0.0003391166773841705,3.2654538594004004e-06,0.05611051770743606,0.05478717127963326,0.5565726659364247,0.05544489646690842,1.1464065480049284,0.64,1.0,4727,0.8830562301513171,620,3259,0.9810126582278481,0.955158264947245,0.03191453841245344,0.07484401270315708
19,-0.3032046532630919,-8.572474567241038e-05,-0.0005961528260155829,0.056272872450366856,0.05428096653082659,0.5666264769064898,0.055267946461505485,1.0478376865991077,0.6216666666666667,1.0,4691,0.8712852897473997,615,3264,0.9824281150159745,0.9549444119368051,0.031313736523610206,0.08001764487369985
20,-0.29320465326309186,0.0006927846265622233,0.0007893370310223308,0.05785338345703986,0.054688360088368776,0.9913126030957227,0.056248614799202595,1.0590821124128023,0.4716666666666667,1.0,4855,0.9025841234430192,605,3304,0.9821428571428571,0.9638273045507585,0.027014919153192197,0.04594782177604261
21,-0.28320465326309185,-0.006153629285577095,-0.004343488077548873,0.04777821456979291,0.055200227671081535,0.5503058445322853,0.05135531444719576,1.047562882984263,0.5,1.0,3994,0.7441773802869387,552,3227,0.9752650176678446,0.9278320874065555,0.04845144746279999,0.12791130985653065
22,-0.27320465326309185,2.7180676825068475e-05,0.00025868391350317925,0.05577552417557305,0.05579609584535612,0.029314984072259687,0.055785809062209105,1.0476350160492753,0.6483333333333333,1.0,4829,0.88997419830446,632,3254,0.9753086419753086,0.958186101295642,0.03325262836452471,0.07133339476594176
23,-0.26320465326309184,-0.0003607558820001851,-0.00016865385675943423,0.05607341829201285,0.055062067331891715,-0.6975926106255249,0.05556544189983681,1.0627702889819324,0.6283333333333333,1.0,4745,0.8798442425366215,618,3257,0.9716981132075472,0.9556924882629108,0.03630469926477102,0.07549786760615614
24,-0.25320465326309183,-0.00011067849371636435,0.00048796659654212727,0.05574381832122883,0.055555512684023416,-0.42345670401598073,0.05564958585471167,1.048518029022933,0.6333333333333333,1.0,4759,0.8830951939135275,628,3247,0.9691358024691358,0.9561248527679623,0.03736967238145095,0.07403971052143256
25,-0.24320465326309182,-0.0015985343823779474,-0.002007166905700915,0.05209903486920789,0.056501272805516124,0.8416806240597317,0.05425552305571491,1.0132904227710737,0.56,1.0,4532,0.8445769660827432,583,3275,0.9620462046204621,0.9525887143688191,0.04268254050535944,0.08703689899366379
26,-0.2332046532630918,-1.4061057596738202e-05,-0.0003076791344260852,0.054984058713912994,0.05616467234547743,2.101975499499427,0.055571230343509734,1.0801278649898598,0.6216666666666667,1.0,4698,0.8864150943396226,610,3260,0.9621451104100947,0.9560117302052786,0.04092157969231339,0.07061194968553461
27,-0.2232046532630918,-0.0013442529544791814,0.0008451477317502101,0.05363693421882409,0.05624177115880218,1.9547557195989003,0.054923912642808236,1.0424879016831625,0.5966666666666667,1.0,4625,0.8627121805633278,594,3268,0.9611650485436893,0.9538820782253357,0.0424764366154875,0.08191506559721444
28,-0.2132046532630918,-0.0005694451899812378,5.202833290896039e-05,0.055396602275391664,0.055133954102260685,1.0917862359328228,0.05526512215921208,1.0792145477591655,0.7,1.0,4656,0.8720734219891365,620,3242,0.9597523219814241,0.9540906415538553,0.04307851823236032,0.08954860460760444
29,-0.20320465326309178,-0.0004908555250955778,-9.410049489754018e-05,0.054348998318509534,0.05601485732967092,-0.08288602707098737,0.05517564124522556,1.0460016450876455,0.6766666666666666,1.0,4636,0.868815592203898,601,3255,0.9600638977635783,0.9523112931538912,0.04381240454126528,0.08876811594202899
30,-0.19320465326309177,-0.0007862425274092321,6.670348847283655e-05,0.05547951966726626,0.054027144808035915,1.9564297473476768,0.05474851635381246,1.0167393461236276,0.6633333333333333,1.0,4578,0.8558609085810431,606,3241,0.9619047619047619,0.9493263034563562,0.04438446731944096,0.09561226397457472
31,-0.18320465326309177,0.0018225007105179699,0.00228484681857947,0.05467008693809415,0.05164227155764003,2.2328261203200794,0.053134616548318546,1.0330226778476526,0.61,1.0,4305,0.8102766798418972,598,3220,0.9676375404530745,0.939871570344425,0.04624544460125029,0.1157312252964427
32,-0.17320465326309176,-0.0004899719574115567,4.1310084846149525e-05,0.05479770155244967,0.05574496722774433,-0.04718048145677991,0.05526930501821985,1.0556152419978166,0.6966666666666667,1.0,4670,0.8789760963674007,617,3253,0.970125786163522,0.954518779342723,0.03767771724687749,0.08431331953071083
33,-0.16320465326309175,0.002674845807983343,0.0013711276469499296,0.05166884918287269,0.05534283527209462,0.3282158561222501,0.05347429858377222,1.0290461583073405,0.6116666666666667,1.0,4367,0.8136761691820383,588,3244,0.9735099337748344,0.9430232558139535,0.04173340520560604,0.11396807651698655
34,-0.15320465326309174,-0.001442271008344718,0.000331817388605053,0.05391197818763482,0.055311963128265085,-0.08265892422635014,0.05460748437427134,1.091264269225857,0.6966666666666667,1.0,4613,0.8583922590249349,616,3240,0.9746835443037974,0.9495896834701055,0.037863386113048514,0.09865339287929537
35,-0.14320465326309173,0.0008607536611906925,0.00014694169030774973,0.05514674243178513,0.0558756360255352,1.945831632976813,0.055509992867161885,1.0245327776301298,0.635,1.0,4787,0.8859892652230242,626,3256,0.9750778816199377,0.9570840681951793,0.0339190250924415,0.07239681658337961
36,-0.13320465326309172,-0.003462940680778146,0.00029266286476389386,0.05117053647110985,0.0559393496847709,-0.16335222317273043,0.05350183672748756,1.020069248413918,0.5766666666666667,1.0,4429,0.8263059701492538,578,3256,0.9763513513513513,0.9432213209733488,0.04021366383764993,0.10016355721393032
37,-0.12320465326309171,-0.0029762125805075806,-0.0018692215060015904,0.05132993112988751,0.05561608164197723,0.6755432552877636,0.05343004436079847,1.0439604361595605,0.64,1.0,4393,0.816542750929368,585,3245,0.975,0.9422183507549361,0.041390824622531935,0.11741263940520448
38,-0.1132046532630917,-0.00197764777346662,0.000988792896671355,0.052965363061055225,0.05567301601008875,-0.3423611324777125,0.05430231584083952,1.1132053209504036,0.6683333333333333,1.0,4472,0.8420259838071926,605,3248,0.9789644012944984,0.9480443666082895,0.03649561604860603,0.10557930082219293
39,-0.1032046532630917,0.001631496645110323,0.0009441783543252066,0.05399054099916462,0.05541591605043423,0.5225866354521645,0.05469858579092547,1.057328441042968,0.5866666666666667,1.0,4493,0.8477358490566038,620,3237,0.9810126582278481,0.9487104337631888,0.035138454004481574,0.08932830188679243
40,-0.09320465326309169,-7.213910512329685e-05,-0.00026556024227969064,0.055169838778663514,0.05622880960842155,1.2275182941702765,0.05569680745619791,1.027951259431637,0.6283333333333333,1.0,4701,0.887986399697771,622,3259,0.9810725552050473,0.9557184750733138,0.031604484860819446,0.07038187885656719
41,-0.08320465326309168,-0.0004202593127820362,0.00021714147416169316,0.05530697823312509,0.055674159340634556,0.0008469374620009041,0.05549026508136371,1.131576181528619,0.6583333333333333,1.0,4676,0.8804368292223687,634,3252,0.9783950617283951,0.9575971731448764,0.03200388256336431,0.07871242076194064
42,-0.07320465326309167,-0.00014880121650712373,0.0005722504146755534,0.05500559971979001,0.056164168401180756,2.337197485376408,0.05558186543892016,1.0398591500190055,0.6266666666666667,1.0,4672,0.8875379939209727,620,3264,0.9748427672955975,0.9577464788732394,0.033705376915581536,0.07047619047619047
43,-0.06320465326309166,-0.0014510288457275633,0.000730197145587211,0.05591526722559933,0.052929524764245055,1.2106615209049585,0.054401916522460306,1.078710138518559,0.705,1.0,4451,0.8465195891974134,597,3255,0.9691558441558441,0.9495332555425904,0.04065545015078271,0.10820368961582352
44,-0.05320465326309165,-0.0007200325981140898,6.479495926818896e-06,0.05555886503242017,0.05366020804894126,1.8780433525520706,0.05460128438601709,1.0461732628593132,0.6883333333333334,1.0,4454,0.8474124809741248,608,3247,0.9681528662420382,0.9505269320843092,0.04066010083682632,0.1050310755961441
45,-0.04320465326309164,-0.0005228496893928547,1.8665276105938126e-05,0.055616617283655884,0.054725872993367605,1.9515831914279116,0.05516944746674635,1.037262824962681,0.6683333333333333,1.0,4564,0.8658698539176627,615,3244,0.9639498432601881,0.9524368761009983,0.04180664031940684,0.08964364763169544
46,-0.03320465326309163,-0.0023694422081487676,0.0023424351312731164,0.050404816189173744,0.055303759743236834,-0.7501900484850922,0.052797498467522866,1.062721769866512,0.635,1.0,4207,0.7872380239520959,571,3234,0.9548494983277592,0.938479396401625,0.05333555263530786,0.13510385479041914
47,-0.023204653263091624,-0.0042425378469401,0.0058630192767518295,0.047696317336415155,0.05682605151474242,2.222896527304008,0.05206143857042974,1.0210332146446062,0.5266666666666666,1.0,4070,0.7651814250799023,518,3273,0.9487179487179487,0.9356775300171527,0.05780226063244931,0.12367111612458478
48,-0.013204653263091615,-0.0006185199875880211,0.0007391831460636921,0.0548514909442418,0.055869556431081595,-0.05463508785020864,0.05535818339358941,1.060646756101004,0.64,1.0,4660,0.8759398496240601,606,3252,0.9528301886792453,0.954225352112676,0.046472229604039336,0.07939849624060152
49,-0.003204653263091606,-0.00342767007635646,0.001982950909194439,0.0557650478995746,0.05111445640450099,1.1127031427867893,0.053389138499864514,1.0557177968616027,0.5633333333333334,1.0,4345,0.8151969981238274,562,3252,0.9525423728813559,0.9415170816444702,0.052970272737086946,0.10410569105691057
50,0.006795346736908403,-0.0007481049125594694,-1.26575139946344e-05,0.054212494325226075,0.05560813504541376,-0.09226005454682859,0.05490588042810987,1.0617672052597646,0.7016666666666667,1.0,4625,0.8633563561694979,606,3244,0.9588607594936709,0.9507620164126612,0.045188612046833956,0.09587829008773563
51,0.016795346736908412,9.599897468331073e-05,-0.0005579088711465039,0.053931948286076996,0.055007900871738624,1.086900901449211,0.05446726783252725,1.120761828321532,0.695,1.0,4602,0.8512763596004439,604,3237,0.9556962025316456,0.9487104337631888,0.047796681852582845,0.10336293007769148
52,0.02679534673690842,-0.0008764633399119155,-0.0003176017407838171,0.05468660226740435,0.055400262586116564,0.7337077131166965,0.05504227580284738,1.0779863817339386,0.6916666666666667,1.0,4691,0.8743709226467847,613,3239,0.9578125,0.9515276145710928,0.045329942714453585,0.08689344516930722
53,0.03679534673690843,0.00036775634470949826,-4.510657477711526e-05,0.05594448846947006,0.05506924715965616,0.11474098746884491,0.05550514266935795,1.0483278937309737,0.6116666666666667,1.0,4737,0.887743628185907,608,3259,0.9529780564263323,0.9568408690546095,0.0450905372595291,0.06866348075962021
54,0.04679534673690844,-0.0028702683331572076,-0.0021273547961648976,0.05478512227346639,0.05219950008762843,1.8884017976370522,0.05347668646162123,1.0467080199395715,0.6333333333333333,1.0,4382,0.8152558139534883,591,3225,0.9594155844155844,0.940781796966161,0.04990130930912728,0.11700465116279071
55,0.05679534673690845,0.0012920339400975928,0.0003144064893603795,0.05395231015058806,0.05519362025210268,0.33015283011296814,0.054569435750933155,1.055532599038766,0.6783333333333333,1.0,4530,0.8487914558740866,608,3240,0.9620253164556962,0.9495896834701055,0.044192500037099146,0.1025697957654113
56,0.06679534673690846,-0.000845796292627308,-0.00021046052617255883,0.05397286860453337,0.05547660079604075,0.014964256546494026,0.05471956949200951,1.0443769593414864,0.7183333333333334,1.0,4541,0.857115892789732,609,3239,0.9697452229299363,0.9481850117096019,0.04103488268023091,0.10263841701270919
57,0.07679534673690847,0.0007425233297786005,-0.00018829352075942966,0.054626381842250514,0.05419037474533674,1.085382595854265,0.05440794154361488,1.1779336667495772,0.595,1.0,4009,0.8666234327712927,630,3232,0.9782608695652174,0.9505882352941176,0.03557544757033248,0.07935905750108083
58,0.08679534673690847,0.01740960783483491,-0.0035015992389552547,0.022860285661525623,0.05284152853306423,-0.12704177707782507,0.03475589787442565,1.4940263717053535,0.49166666666666664,1.0,1662,0.4531079607415485,261,3265,0.9456521739130435,0.8665074309978769,0.09392019754453983,0.26888858596873866
59,0.09679534673690848,0.017070663875766518,0.0023223220447895205,0.05469221016534857,0.029989445869947156,1.593923242147268,0.040499247848095825,1.68088607928916,0.5566666666666666,1.0,2212,0.6934169278996866,341,3447,0.952513966480447,0.9351600651112317,0.05616298420416069,0.1706645768025078
60,0.10679534673690849,0.017572441884086742,0.0018430252461800994,0.03445823490751689,0.053627840059390544,0.21786653215751864,0.04298744828841582,1.6236487225202403,0.5433333333333333,1.0,2463,0.774041483343809,398,3416,0.9567307692307693,0.9415656008820287,0.050851814943601054,0.1227707940498638
61,0.1167953467369085,0.011026493507709427,0.0065331906491879746,0.02594924616301037,0.05056420931808076,-0.04546565065164951,0.03622296391286694,1.7071511801509536,0.5066666666666667,1.0,1827,0.5628465804066544,305,3322,0.9298780487804879,0.8939720129171151,0.08807496915119851,0.22149106592729514
62,0.1267953467369085,0.005597697867111078,-0.0014809268647658755,0.030709045967221748,0.056330787078866636,-0.025736224853768218,0.04159164254720768,1.8943278276741364,0.6366666666666667,1.0,2416,0.7585557299843014,336,3482,0.9438202247191011,0.9441431670281996,0.05601830412634966,0.15371951857666144
63,0.13679534673690852,0.002337811713796467,0.0001683149824571684,0.058425436564398,0.029910176111033526,1.5163695727589213,0.04180329050451844,1.9227881447969928,0.6,1.0,2504,0.8172323759791122,310,3562,0.9451219512195121,0.9585575888051668,0.04816022998766048,0.10966057441253264
64,0.14679534673690853,0.00255903097646442,-0.0005637602145448196,0.027344603401287883,0.05737578649548423,0.020598647905334094,0.03960957114834728,1.9821491849059405,0.5933333333333334,1.0,2263,0.7558450233800935,285,3587,0.9134615384615384,0.9611468381564845,0.06269581169098853,0.1448652861278112
65,0.15679534673690854,-0.006324971668097052,-3.0223702643288616e-06,0.013967644770273983,0.05158836364803562,0.16812985775001818,0.02684339653835701,2.0140327831777403,0.5683333333333334,1.0,956,0.32362897765741366,142,3507,0.8452380952380952,0.9047987616099071,0.12498157157599882,0.3844041976980366
66,0.16679534673690855,0.000336167237632993,-0.0013079090025543464,0.027769995079667018,0.05860508788613678,-0.06430527363288219,0.040341826957160376,2.0330559383979163,0.6116666666666667,1.0,2324,0.7923627684964201,285,3623,0.9193548387096774,0.9702731655061596,0.05518599789208148,0.12700477326968973
67,0.17679534673690855,-1.5788967803324486e-05,-0.004091849023101271,0.027513143734773326,0.057560356820801406,-0.056751382783539556,0.039795305886945374,1.972189768376016,0.62,1.0,2229,0.7641412410010284,290,3620,0.9177215189873418,0.971030042918455,0.055624219047101645,0.1462324305793624
68,0.18679534673690856,0.0010424615723388449,0.000277655927911907,0.027367477051223086,0.05782131704373044,0.04256297999240686,0.03977968787290553,1.9561947130708264,0.615,1.0,2245,0.768309377138946,286,3604,0.9285714285714286,0.9646680942184154,0.053380238605078005,0.1424897330595482
69,0.19679534673690857,0.0015040004710993313,-0.00025335654494966037,0.025263606402360406,0.056317610733518146,0.11779557158628376,0.037719834982313356,2.011975329528066,0.5833333333333334,1.0,2045,0.6948691811077132,266,3591,0.9236111111111112,0.9560702875399361,0.0601593006744764,0.1779929776871673
70,0.20679534673690858,-0.0013261612186816444,-0.006283291801313639,0.02559672548763833,0.06215308991216339,0.11989592471409254,0.03988628311450127,2.078440704525638,0.5883333333333334,1.0,2208,0.7489823609226595,239,3658,0.8984962406015038,0.9682371625198518,0.06663329843932222,0.14768204432383536
71,0.2167953467369086,-0.0021649780651920103,0.002208581752030454,0.06053521768750843,0.028851064254183278,1.554287706481588,0.041791212654615294,2.078934798577888,0.6216666666666667,1.0,2473,0.8451811346548188,290,3655,0.9294871794871795,0.9793676312968917,0.04557259460796438,0.09624572795625431
72,0.2267953467369086,-0.0017450005755740594,-0.000928990495369419,0.060296171400489394,0.02811612314869382,1.5702649488570397,0.04117395512324399,2.1039991336692525,0.615,1.0,2451,0.8336734693877551,280,3645,0.9333333333333333,0.9735576923076923,0.04655448717948718,0.10229081632653061
73,0.2367953467369086,-0.0001687459211066494,0.004059817221386354,0.06140801950825554,0.02681699144522672,1.5415981179971876,0.04058051667760287,2.018852820808662,0.605,1.0,2389,0.800603217158177,259,3654,0.9316546762589928,0.9702602230483272,0.04904255034634003,0.12063505361930295
74,0.24679534673690862,-0.0005610233031211441,0.002188987482439762,0.05936893651490769,0.027089113466915393,1.5089501423145506,0.04010301556818927,1.9496514896331008,0.6633333333333333,1.0,2325,0.7841483979763912,273,3638,0.9222972972972973,0.9706510138740662,0.05352584441431826,0.14318156267566048
75,0.2567953467369086,0.00975053157887939,0.0009757217910696872,0.05612051593291007,0.01674058076438619,1.56120238442047,0.030651101603594987,1.9542456722386348,0.5933333333333334,1.0,1509,0.4963815789473684,188,3607,0.9894736842105263,0.9359107420861442,0.037307786851664713,0.2988135964912281
76,0.26679534673690863,-0.0014672285639342336,0.001469156437806075,0.027591193279332443,0.056121437549072395,0.023881302144868485,0.03935044384159398,2.061251785055362,0.56,1.0,2255,0.7509157509157509,294,3589,0.9245283018867925,0.9632313472893183,0.05612017541194462,0.1394871794871795
77,0.27679534673690864,-0.0008638405832262979,-0.0033918962133391148,0.06660919018391899,0.027801219818932122,1.5852224827076264,0.04303274030623878,1.9689139295463505,0.63,1.0,2575,0.8675876010781671,251,3719,0.9296296296296296,0.9854266030736619,0.04247188364835424,0.08341981132075471
78,0.28679534673690865,-0.0011023076083451538,-0.0025748579206380496,0.02708294341559324,0.061539018722283394,0.0839479332730211,0.04082471998565004,1.9508891481756188,0.6283333333333333,1.0,2439,0.8068144227588488,265,3652,0.9464285714285714,0.9702444208289054,0.041663503871261574,0.12138493769985663
79,0.29679534673690866,0.0038336832980657245,0.004422511825170541,0.06125297929766674,0.02394303804522018,1.6153758349148897,0.03829598430262785,2.006203116193897,0.6,1.0,2149,0.7111184645929848,236,3655,0.9291338582677166,0.9643799472295514,0.05324309725136601,0.17332892124420912
80,0.30679534673690867,-0.00043675757028560684,-0.00491386486364621,0.0563989418440121,0.028097484579695707,1.5980983385398335,0.03980789367416072,1.9641886782984521,0.5733333333333334,1.0,2338,0.7744286187479298,301,3596,0.9290123456790124,0.9666666666666667,0.052160493827160495,0.1293275919178536
81,0.3167953467369087,0.002177842400234105,-0.0008997537896701895,0.02345998457218218,0.056545326309052193,0.10899359417100862,0.03642186819534895,1.9720856607927906,0.6,1.0,1952,0.6581254214430209,250,3597,0.9259259259259259,0.9531001589825119,0.060486957545781074,0.20512474713418746
82,0.3267953467369087,0.00047098092381893847,0.0004505366999227466,0.05979177927477735,0.02884511781420348,1.5234413868628431,0.04152951862834196,1.9533267308331872,0.5933333333333334,1.0,2437,0.8397656788421778,300,3640,0.9493670886075949,0.9763948497854077,0.03711903080349867,0.09507236388697451
83,0.3367953467369087,-0.0007181284411725929,0.0010460631269719107,0.05954409145062129,0.026404741518838138,1.6306781409543418,0.03965156168081801,1.9358132395194059,0.66,1.0,2236,0.7769284225156359,266,3643,0.9366197183098591,0.9688829787234042,0.04724865148336829,0.14722724113968033
84,0.3467953467369087,7.349596962858034e-05,0.0034972032505090466,0.025676337074195046,0.059041016262383034,0.10020995397825373,0.038935292919868705,1.932294130813476,0.6866666666666666,1.0,2145,0.7409326424870466,259,3640,0.9384057971014492,0.9660297239915074,0.04778223945352165,0.17789291882556132
85,0.3567953467369087,-0.0004868190909924411,0.004459746977035411,0.06399415564711863,0.027388763631763527,1.609357206081619,0.041865508510386173,1.9247105612927635,0.61,1.0,2483,0.8454204971058904,257,3677,0.9244604316546763,0.9763674986723314,0.04958603483649618,0.09429349676540685
86,0.3667953467369087,-0.0011348757771149059,-0.0002983042974249578,0.05971273280092475,0.027094153474604407,1.6704474123377384,0.04022270437074439,1.9875933537868642,0.64,1.0,2398,0.8046979865771812,278,3646,0.9455782312925171,0.9722666666666666,0.041077551020408165,0.12499328859060406
87,0.37679534673690873,0.00023193769524621798,-0.00041188715353901776,0.06254403473623862,0.02801302214307682,1.585427226479334,0.04185746564214822,1.9768315105214656,0.6483333333333333,1.0,2588,0.8541254125412542,271,3683,0.954225352112676,0.9795212765957447,0.03312668564578963,0.09457535753575354
88,0.38679534673690874,-7.329339019187347e-05,0.003876093155816176,0.06492830296618803,0.027819533542085526,1.6110258726564044,0.04250029531895701,2.0570549028920793,0.5916666666666667,1.0,2640,0.8602150537634409,260,3694,0.935251798561151,0.9808815719596389,0.04193331473960502,0.08270609318996415
89,0.39679534673690875,-0.0010683088545963395,-0.0002774124372741539,0.06002915814844064,0.02755470890556738,1.5620058602100644,0.04067045584483348,1.940892943325741,0.6566666666666666,1.0,2510,0.8128238341968912,282,3646,0.9527027027027027,0.9727854855923159,0.037255905852490695,0.12291234887737477
90,0.40679534673690876,-0.0024992717075170826,-0.0007556865405922086,0.06204816608569569,0.02835575459459787,1.5813424652128272,0.041945471395263126,1.9257259442683181,0.6166666666666667,1.0,2649,0.8465963566634708,276,3664,0.9387755102040817,0.9770666666666666,0.04207891156462585,0.0945989133908597
91,0.41679534673690877,-0.0010118739333848262,-0.001988984221488691,0.061598398773808016,0.027793707967220457,1.6015497511398138,0.04137690064235854,1.96040323797371,0.6633333333333333,1.0,2616,0.8341836734693877,268,3654,0.9370629370629371,0.9723257051623204,0.045305678887371276,0.10999149659863948
92,0.4267953467369088,-0.0007897221325105903,0.004363970672632443,0.06470052587759986,0.025899297571805827,1.6249466733981768,0.040935292508497874,1.8770065722245786,0.625,1.0,2488,0.7974358974358975,242,3690,0.9307692307692308,0.9751585623678647,0.04703610343145227,0.12660256410256407
93,0.4367953467369088,-0.001584436619122803,-0.002791917173117555,0.05902811135415291,0.026561966096539855,1.6743592351736125,0.0395967510350507,1.9074172330756436,0.6466666666666666,1.0,2396,0.767948717948718,277,3639,0.9421768707482994,0.9704,0.04371156462585034,0.150059829059829
94,0.4467953467369088,0.0018212152200693527,0.002376841266897884,0.058158640050059954,0.027023915376770725,1.6234157892585626,0.03964434596687009,1.953915967196098,0.665,1.0,2385,0.7634443021766966,283,3613,0.930921052631579,0.9660427807486631,0.051518083309878976,0.15730953905249678
95,0.4567953467369088,0.004328838133722159,0.0026485162179352042,0.02360796130432301,0.057571493150104264,0.05305217218399631,0.03686659168569504,1.9602428945483588,0.5983333333333334,1.0,2078,0.6766525561706285,249,3609,0.9360902255639098,0.9552673372154579,0.05432121861031615,0.19346955389124065
96,0.4667953467369088,2.8468484001224206e-05,-0.002116133861792994,0.059815102905497894,0.02719530248838666,1.6451990215483248,0.0403322428943518,2.0629652331221973,0.5983333333333334,1.0,2463,0.8091327201051248,275,3647,0.9417808219178082,0.9720149253731343,0.04310212635452872,0.11420225580376699
97,0.4767953467369088,0.0016936677853690112,-0.004021321542299782,0.06170613610831383,0.027134202110020735,1.5276916951479305,0.04091878258931265,2.1849331282662283,0.6333333333333333,1.0,2426,0.8027796161482462,263,3676,0.9326241134751773,0.9771398192450824,0.045118033639870145,0.12490624310611072
98,0.48679534673690883,-0.0009911320750034967,-0.0015944171058597007,0.060783315948987976,0.028219328053124326,1.5709051736858382,0.04141574981720355,2.063241505710219,0.6766666666666666,1.0,2530,0.8422103861517976,285,3653,0.95,0.9756944444444444,0.03715277777777778,0.10677097203728365
99,0.49679534673690884,-0.0007193140215026954,-0.0016308611584949571,0.060795020303813604,0.027994191799678568,1.57339897321895,0.0412541811074988,2.0374578528799354,0.7116666666666667,1.0,2529,0.8354806739345887,281,3648,0.9429530201342282,0.9738387613454351,0.041604109260168345,0.11708292038321771
100,0.5067953467369088,0.004053280675297093,0.011366742496060208,0.024967523632650288,0.058253608394664105,0.18616286626719822,0.03813723042226495,2.069401060636908,0.5466666666666666,1.0,2009,0.6604207758053912,253,3619,0.8971631205673759,0.9619883040935673,0.07042428766952843,0.18563664255971948
101,0.5167953467369089,-0.0003899482764650353,0.0030206150595480496,0.02601001370959207,0.056345635201590104,-0.06554411420113909,0.038282512248663,2.0287561308055646,0.605,1.0,2169,0.7215568862275449,284,3605,0.9403973509933775,0.9633885622661679,0.048107043370227344,0.16845808383233535
102,0.5267953467369089,0.002401483195268304,0.0028438853836397666,0.025871725686923523,0.055895622645099834,-0.046882565728031254,0.03802783475526596,2.090521700563281,0.6466666666666666,1.0,2107,0.7020993002332556,282,3589,0.9337748344370861,0.9591127739176911,0.05355619582261142,0.192642452515828
103,0.5367953467369089,0.0011634390730576477,-0.0006238489456195891,0.06064966341954601,0.026388603549129662,1.4971760966851753,0.0400057486289977,2.099966096282894,0.63,1.0,2334,0.779559118236473,264,3673,0.9496402877697842,0.9753053637812003,0.037527174224507805,0.13887775551102205
104,0.5467953467369089,-0.0002997523556194567,0.002586830595234266,0.061239271042653136,0.027024970783553547,1.5657391615863578,0.04068156229465405,2.0854516903274947,0.6466666666666666,1.0,2425,0.8134854075813486,264,3654,0.9428571428571428,0.9707757704569607,0.04318354334294823,0.12061276976406124
105,0.5567953467369089,0.0004363176193004126,-0.0015519007050099312,0.025997693069820627,0.0580898824710608,0.06024752206917716,0.038861329557087876,2.070229412310016,0.6233333333333333,1.0,2267,0.7524062396282775,266,3612,0.9366197183098591,0.9606382978723405,0.05137099190890021,0.15433344396504037
106,0.5667953467369089,-0.0026299519612800882,0.0021183481099626526,0.0588683200839418,0.027058859805423763,1.5044860002247475,0.039911271843079535,1.977996456006446,0.61,1.0,2399,0.7821975872187805,280,3615,0.9333333333333333,0.9655448717948718,0.05056089743589744,0.13285947179654387
107,0.5767953467369089,-0.00024863661455449334,0.0018639498197364137,0.058816630762116816,0.02780682773205316,1.5795370080354292,0.04044136396540009,2.0680432115705436,0.6416666666666667,1.0,2495,0.8177646673221894,290,3637,0.9477124183006536,0.972980203317282,0.03965368919103222,0.11693433846826179
108,0.5867953467369089,0.001418100915880665,0.003168153177920882,0.02741853743316076,0.059973497917691125,0.10781632712165164,0.040551024619037715,2.1138902211663577,0.5983333333333334,1.0,2429,0.793531525645214,281,3640,0.9429530201342282,0.9717031500266952,0.04267191491953834,0.12353697048894696
109,0.5967953467369089,0.0010223616777508943,-0.0025689407525124356,0.058689788234898496,0.02720481610695077,1.6211247571741743,0.039958039194713954,2.071955470400027,0.6966666666666667,1.0,2431,0.778169014084507,287,3622,0.944078947368421,0.9684491978609626,0.04373592738530819,0.15454225352112677
110,0.6067953467369089,-0.0024357284970382,-0.003717058500961153,0.05860087014955702,0.0285607836700211,1.631093724998361,0.04091071711931355,2.0561994429245583,0.6133333333333333,1.0,2474,0.8032467532467532,298,3611,0.9371069182389937,0.9691358024691358,0.04687863964593524,0.12067532467532469
111,0.616795346736909,0.0003140261219456757,-0.0009094657674190577,0.026287585740329845,0.05933118579995771,-0.11666887116413878,0.03949270355131222,2.0325608651527274,0.6116666666666667,1.0,2349,0.766644908616188,268,3641,0.9436619718309859,0.9683510638297872,0.04399348216961342,0.1427355308964317
112,0.626795346736909,0.0004919485653564606,-0.00020581975901201626,0.026555339487341463,0.0571283502685529,0.09067231104803705,0.03894948954393596,1.9211147861791475,0.6316666666666667,1.0,2300,0.746268656716418,286,3606,0.9470198675496688,0.9636557990379476,0.04466216670619175,0.16027363184079602
113,0.636795346736909,-0.002439145552477669,-0.010858047761122338,0.06156031715992554,0.023013913461650774,1.6401976320259841,0.03763965743455035,2.1445332870773854,0.6183333333333333,1.0,1974,0.651270207852194,214,3671,0.9067796610169492,0.9640231092436975,0.06459861486967669,0.21563125481139334
114,0.646795346736909,0.00031016781232004584,-0.00085606860288525,0.05909954217011187,0.026090320769563427,1.6047679093229053,0.039267365745012224,2.123315031880372,0.6733333333333333,1.0,2317,0.7505668934240363,266,3638,0.95,0.9665249734325186,0.0417375132837407,0.16795162509448225
115,0.656795346736909,0.0007026150208124621,-0.0034380700026118627,0.02560525394522261,0.06209205586584735,-0.07231375325126801,0.03987333518061877,2.0407616595746902,0.61,1.0,2372,0.7644215275539801,255,3672,0.9444444444444444,0.972972972972973,0.04129129129129129,0.14370286819207215
116,0.666795346736909,0.0007673434252179389,-0.00016398039226212633,0.026636213293405715,0.06255275279621235,0.02628559792726685,0.04081872689795203,2.018055525461922,0.5883333333333334,1.0,2476,0.8062520351676978,260,3690,0.948905109489051,0.9787798408488063,0.03615752483107127,0.11398838597633779
117,0.676795346736909,0.00021466055846040138,-0.0026167234174379684,0.05890678042393321,0.026641618150600996,1.4927567667094166,0.039615299450284684,2.020276683882393,0.6516666666666666,1.0,2408,0.7732819524727039,272,3632,0.9379310344827586,0.9675013319126265,0.04728381680230742,0.14774459430528794
118,0.686795346736909,-0.0010764501205185084,-0.001980262395409607,0.026412405347565022,0.05761673774143893,0.06374117031198342,0.039010211894210896,2.0840871696912697,0.71,1.0,2297,0.7528679121599475,280,3626,0.9395973154362416,0.9679658302189001,0.04621842717242912,0.17546378236643725
119,0.696795346736909,0.000968972679400253,0.0020507211744384976,0.05629117933149313,0.023200501673815148,1.79641978963704,0.03613839509858365,2.2431384055644563,0.575,1.0,1951,0.6398819285011479,249,3591,0.9291044776119403,0.9510063559322034,0.05994458322792816,0.20706789111183996
120,0.706795346736909,-0.00038263074615282525,-0.0006276841086884104,0.02717045142582363,0.05733530725126224,-0.055910040825905095,0.03946930681751447,2.2306646195279876,0.635,1.0,2335,0.7762632978723404,295,3616,0.9455128205128205,0.9689174705251876,0.04278485448099596,0.14207280585106385
121,0.716795346736909,5.218590862128998e-05,-0.003778412240302162,0.0601032888422665,0.02715155396481578,1.565033863920155,0.04039675346440242,2.0438016502675986,0.6766666666666666,1.0,2401,0.8006002000666889,267,3646,0.9468085106382979,0.9691653375863902,0.04201307588765595,0.13492719795487387
122,0.726795346736909,-0.0015776202702911567,-0.004260719154515076,0.025557931046993193,0.05717750442993161,0.0497515591666735,0.03822746023030225,2.013253057582523,0.6866666666666666,1.0,2175,0.7194839563347668,267,3621,0.9401408450704225,0.9630319148936171,0.04841362001798022,0.1926210166501268
123,0.736795346736909,0.00013925887880493528,-0.003058361984507404,0.021977552379718913,0.051698984450844705,0.21088592190642363,0.03370782014231584,2.0395249034342915,0.5633333333333334,1.0,1707,0.5611439842209073,254,3518,0.9202898550724637,0.9336518046709129,0.07302917012831164,0.24722222222222223
124,0.7467953467369091,0.00035661556255197816,0.0038176421663012865,0.026043718036804064,0.05987898362632586,0.1133586322738704,0.039490142642113084,2.107433533650791,0.5916666666666667,1.0,2370,0.7632850241545893,262,3642,0.9424460431654677,0.9670738183749337,0.04524006922979938,0.14005636070853467
125,0.7567953467369091,-0.0014920652964330217,0.0018493005853818915,0.023678464959600153,0.05811505505223184,-0.15879279450791237,0.03709548887236163,2.1146129364073922,0.64,1.0,2079,0.6791898072525319,244,3628,0.9312977099236641,0.9592808038075092,0.05471074313441331,0.2053185233583796
126,0.7667953467369091,-0.000286028919533883,-0.0010056240116581368,0.02720473112304614,0.058454270055246144,-0.10872585040495053,0.03987772184875785,2.094383699720213,0.6,1.0,2381,0.7816808929743927,286,3634,0.9470198675496688,0.9711384286477819,0.0409208519012746,0.13099146421536437
127,0.7767953467369091,-0.0007272831050830258,-0.0010381861227722377,0.02579285555833323,0.055929888754481114,0.16417023689084703,0.037981463137140695,2.0543198446986013,0.695,1.0,4165,0.7469512195121951,283,3586,0.9496644295302014,0.9572877736252002,0.04652389842229922,0.17586890243902437
128,0.7867953467369091,0.0009650847406477279,0.0028128578408775943,0.026348391861394684,0.05934028918460654,0.09048043951692232,0.039541385820485525,1.9679446036433335,0.6616666666666666,1.0,4316,0.7927994121969141,267,3618,0.9468085106382979,0.9617224880382775,0.04573450066171231,0.13709772226304184
129,0.7967953467369091,-0.0009472389685390573,0.0020339677598900734,0.060106063935211326,0.027234936927376385,1.5430913733755307,0.04045966955164529,1.9855345389390853,0.635,1.0,4102,0.8328934010152285,275,3649,0.9482758620689655,0.9720298348428343,0.03984715154410008,0.10611269035532993
130,0.8067953467369091,-0.0004369596475577735,0.0003285910112480481,0.06761033750117032,0.026553880277739795,1.5766704269236227,0.042371178972783585,1.8120875300099508,0.6083333333333333,1.0,3882,0.8516893374286968,237,3731,0.92578125,0.9849524815205913,0.04463313423970433,0.0902223197308761
131,0.8167953467369091,0.0017548703721925619,-0.008908002390359224,0.026127147439642586,0.061875746679626815,-0.06103343517094893,0.04020742165865134,1.874063597241223,0.6316666666666667,1.0,3345,0.7664986251145738,250,3672,0.9124087591240876,0.9740053050397878,0.056792967918062306,0.1474950351359609
